id(勿改),中文名(可修改),英文名,部位,器械,状态,说明
0128,战绳,battling ropes,肩部,战绳,review,光秃器械名，缺动作
0577,器械胸推（2）,lever chest press,胸部,器械,review,含序号，可能可消歧
0656,健身球俯卧撑（2）,push-up (on stability ball),胸部,健身球,review,含序号，可能可消歧
0727,哑铃单腿提踵（2）,single leg calf raise (on a dumbbell),小腿,哑铃,review,含序号，可能可消歧
0857,健腹轮,wheel rollerout,腰腹,健腹轮,review,光秃器械名，缺动作
1295,哑铃仰卧上拉（健身球）（2）,dumbbell pullover on exercise ball,胸部,哑铃,review,含序号，可能可消歧
1307,波速球俯卧撑（2）,push up on bosu ball,胸部,波速球,review,含序号，可能可消歧
1355,单臂靠墙,one arm against wall,背部,徒手,review,原名 4 词译名仅 4 字，可能漏译
1369,弹力带双腿提踵（弹力带下方双腿）（第2式）,band two legs calf raise - (band under both legs) v. 2,小腿,弹力带,review,译名过长
1371,杠铃坐姿提踵（2）,barbell seated calf raise,小腿,杠铃,review,含序号，可能可消歧
1373,站姿提踵,bodyweight standing calf raise,小腿,徒手,review,原名 4 词译名仅 4 字，可能漏译
1394,史密斯机反向提踵（2）,smith reverse calf raises,小腿,史密斯机,review,含序号，可能可消歧
1459,哑铃罗马尼亚硬拉（2）,dumbbell romanian deadlift,大腿,哑铃,review,含序号，可能可消歧
1628,曲杆蜘蛛弯举（2）,ez barbell spider curl,上臂,曲杆,review,含序号，可能可消歧
1649,哑铃交替肱二头肌弯举（腿抬高·健身球）,dumbbell alternating bicep curl with leg raised on exercise ball,上臂,哑铃,review,译名过长
1650,哑铃交替坐姿肱二头肌弯举（健身球）,dumbbell alternating seated bicep curl on exercise ball,上臂,哑铃,review,译名过长
1651,哑铃肱二头肌弯举弓步（保龄球动作）,dumbbell bicep curl lunge with bowling motion,上臂,哑铃,review,译名过长
1652,哑铃肱二头肌弯举（健身球·腿抬高）,dumbbell bicep curl on exercise ball with leg raised,上臂,哑铃,review,译名过长
1668,哑铃单臂坐姿肱二头肌弯举（健身球）,dumbbell one arm seated bicep curl on exercise ball,上臂,哑铃,review,译名过长
1679,哑铃坐姿单臂肱二头肌弯举（健身球·腿抬高）,dumbbell seated one arm bicep curl on exercise ball with leg raised,上臂,哑铃,review,译名过长
1684,哑铃登台阶单腿平衡（肱二头肌弯举）,dumbbell step up single leg balance with bicep curl,上臂,哑铃,review,译名过长
1689,推拉,push and pull bodyweight,胸部,徒手,review,原名 4 词译名仅 2 字，可能漏译
1731,哑铃窄距推举（2）,dumbbell close grip press,上臂,哑铃,review,含序号，可能可消歧
1766,自体反向腿弯举（2）,self assisted inverse leg curl,大腿,徒手,review,含序号，可能可消歧
2321,哑铃站姿内侧肱二头肌弯举（第2式）,dumbbell standing inner biceps curl v. 2,上臂,哑铃,review,译名过长
2406,绳索反握肱三头肌下压（曲杆杠·臂托）,cable reverse grip triceps pushdown (sz-bar) (with arm blaster),上臂,绳索,review,译名过长
2801,转体抬腿,twisted leg raise (female),腰腹,徒手,review,原名 4 词译名仅 4 字，可能漏译
3221,半程屈膝,half knee bends (male),有氧,徒手,review,原名 4 词译名仅 4 字，可能漏译
3231,双体前屈,two toe touch (male),背部,徒手,review,原名 4 词译名仅 4 字，可能漏译
3543,下放蹲跳,bodyweight drop jump squat,大腿,徒手,review,原名 4 词译名仅 4 字，可能漏译
3636,高膝靠墙,high knee against wall,有氧,徒手,review,原名 4 词译名仅 4 字，可能漏译
0001,四分之三仰卧起坐,3/4 sit-up,腰腹,徒手,ok,
0002,45°侧屈,45° side bend,腰腹,徒手,ok,
0003,空中单车,air bike,腰腹,徒手,ok,
0006,交替触踵,alternate heel touchers,腰腹,徒手,ok,
0007,绳索交替侧向下拉,alternate lateral pulldown,背部,绳索,ok,
0009,器械胸臂屈伸（跪姿）,assisted chest dip (kneeling),胸部,器械,ok,
0010,助力悬垂抬膝（下投）,assisted hanging knee raise with throw down,腰腹,助力,ok,
0011,助力悬垂抬膝,assisted hanging knee raise,腰腹,助力,ok,
0012,助力仰卧抬腿（侧向下投）,assisted lying leg raise with lateral throw down,腰腹,助力,ok,
0013,助力仰卧抬腿（下投）,assisted lying leg raise with throw down,腰腹,助力,ok,
0014,药球动作俄罗斯转体,assisted motion russian twist,腰腹,药球,ok,
0015,器械平行窄距引体向上,assisted parallel close grip pull-up,背部,器械,ok,
0016,助力俯卧腘绳肌,assisted prone hamstring,大腿,助力,ok,
0017,器械引体向上,assisted pull-up,背部,器械,ok,
0018,助力站姿肱三头肌伸展（毛巾）,assisted standing triceps extension (with towel),上臂,助力,ok,
0019,器械肱三头肌臂屈伸（跪姿）,assisted triceps dip (kneeling),上臂,器械,ok,
0020,平衡板,balance board,大腿,徒手,ok,
0022,杠铃仰卧上拉推举,barbell pullover to press,背部,杠铃,ok,
0023,杠铃交替肱二头肌弯举,barbell alternate biceps curl,上臂,杠铃,ok,
0024,杠铃凳前蹲,barbell bench front squat,大腿,杠铃,ok,
0025,杠铃卧推,barbell bench press,胸部,杠铃,ok,
0026,杠铃凳深蹲,barbell bench squat,大腿,杠铃,ok,
0027,杠铃俯身划船,barbell bent over row,背部,杠铃,ok,
0028,杠铃高翻推举,barbell clean and press,大腿,杠铃,ok,
0029,杠铃高翻握前蹲,barbell clean-grip front squat,大腿,杠铃,ok,
0030,杠铃窄距卧推,barbell close-grip bench press,上臂,杠铃,ok,
0031,杠铃弯举,barbell curl,上臂,杠铃,ok,
0032,杠铃硬拉,barbell deadlift,大腿,杠铃,ok,
0033,杠铃下斜卧推,barbell decline bench press,胸部,杠铃,ok,
0034,杠铃下斜屈臂仰卧上拉,barbell decline bent arm pullover,背部,杠铃,ok,
0035,杠铃下斜窄距碎颅推举,barbell decline close grip to skull press,上臂,杠铃,ok,
0036,杠铃下斜宽距推举,barbell decline wide-grip press,胸部,杠铃,ok,
0037,杠铃下斜宽距仰卧上拉,barbell decline wide-grip pullover,背部,杠铃,ok,
0038,杠铃拖拽弯举,barbell drag curl,上臂,杠铃,ok,
0039,杠铃前胸深蹲,barbell front chest squat,大腿,杠铃,ok,
0040,杠铃前平举仰卧上拉,barbell front raise and pullover,胸部,杠铃,ok,
0041,杠铃前平举,barbell front raise,肩部,杠铃,ok,
0042,杠铃前蹲,barbell front squat,大腿,杠铃,ok,
0043,杠铃全程深蹲,barbell full squat,大腿,杠铃,ok,
0044,杠铃早安式,barbell good morning,大腿,杠铃,ok,
0045,杠铃断头台式卧推,barbell guillotine bench press,胸部,杠铃,ok,
0046,杠铃哈克深蹲,barbell hack squat,大腿,杠铃,ok,
0047,杠铃上斜卧推,barbell incline bench press,胸部,杠铃,ok,
0048,杠铃上斜反握推举,barbell incline reverse-grip press,上臂,杠铃,ok,
0049,杠铃上斜划船,barbell incline row,背部,杠铃,ok,
0050,杠铃上斜肩上举,barbell incline shoulder raise,胸部,杠铃,ok,
0051,杠铃杰斐逊深蹲,barbell jefferson squat,大腿,杠铃,ok,
0052,杠铃JM卧推,barbell jm bench press,上臂,杠铃,ok,
0053,杠铃蹲跳,barbell jump squat,大腿,杠铃,ok,
0054,杠铃弓步,barbell lunge,大腿,杠铃,ok,
0055,杠铃仰卧窄距推举,barbell lying close-grip press,上臂,杠铃,ok,
0056,杠铃仰卧窄距肱三头肌伸展,barbell lying close-grip triceps extension,上臂,杠铃,ok,
0057,杠铃仰卧伸展,barbell lying extension,上臂,杠铃,ok,
0058,杠铃仰卧提举（髋）,barbell lying lifting (on hip),大腿,杠铃,ok,
0059,杠铃仰卧牧师凳弯举,barbell lying preacher curl,上臂,杠铃,ok,
0060,杠铃仰卧肱三头肌伸展碎颅者,barbell lying triceps extension skull crusher,上臂,杠铃,ok,
0061,杠铃仰卧肱三头肌伸展,barbell lying triceps extension,上臂,杠铃,ok,
0063,杠铃窄站姿深蹲,barbell narrow stance squat,大腿,杠铃,ok,
0064,杠铃单臂俯身划船,barbell one arm bent over row,背部,杠铃,ok,
0065,杠铃单臂地面推举,barbell one arm floor press,上臂,杠铃,ok,
0066,杠铃单臂侧硬拉,barbell one arm side deadlift,大腿,杠铃,ok,
0067,杠铃单臂抓举,barbell one arm snatch,肩部,杠铃,ok,
0068,杠铃单腿深蹲,barbell one leg squat,大腿,杠铃,ok,
0069,杠铃过头深蹲,barbell overhead squat,大腿,杠铃,ok,
0070,杠铃牧师凳弯举,barbell preacher curl,上臂,杠铃,ok,
0071,杠铃推举仰卧起坐,barbell press sit-up,腰腹,杠铃,ok,
0072,杠铃俯卧上斜弯举,barbell prone incline curl,上臂,杠铃,ok,
0073,杠铃仰卧上拉,barbell pullover,背部,杠铃,ok,
0074,杠铃架拉,barbell rack pull,大腿,杠铃,ok,
0075,杠铃后束上举,barbell rear delt raise,肩部,杠铃,ok,
0076,杠铃后束划船,barbell rear delt row,肩部,杠铃,ok,
0077,杠铃后弓步（第2式）,barbell rear lunge v. 2,大腿,杠铃,ok,
0078,杠铃后弓步,barbell rear lunge,大腿,杠铃,ok,
0079,杠铃反向腕弯举（第2式）,barbell revers wrist curl v. 2,前臂,杠铃,ok,
0080,杠铃反向弯举,barbell reverse curl,上臂,杠铃,ok,
0081,杠铃反向牧师凳弯举,barbell reverse preacher curl,上臂,杠铃,ok,
0082,杠铃反向腕弯举,barbell reverse wrist curl,前臂,杠铃,ok,
0083,杠铃健腹轮凳,barbell rollerout from bench,腰腹,杠铃,ok,
0084,杠铃健腹轮,barbell rollerout,腰腹,杠铃,ok,
0085,杠铃罗马尼亚硬拉,barbell romanian deadlift,大腿,杠铃,ok,
0086,杠铃坐姿背后头军式推举,barbell seated behind head military press,肩部,杠铃,ok,
0087,杠铃坐姿布拉德福德洛奇推举,barbell seated bradford rocky press,肩部,杠铃,ok,
0088,杠铃坐姿提踵,barbell seated calf raise,小腿,杠铃,ok,
0089,杠铃坐姿窄距集中弯举,barbell seated close-grip concentration curl,上臂,杠铃,ok,
0090,杠铃坐姿早安式,barbell seated good morning,大腿,杠铃,ok,
0091,杠铃坐姿过头推举,barbell seated overhead press,肩部,杠铃,ok,
0092,杠铃坐姿过头肱三头肌伸展,barbell seated overhead triceps extension,上臂,杠铃,ok,
0094,杠铃坐姿转体,barbell seated twist,腰腹,杠铃,ok,
0095,杠铃耸肩,barbell shrug,背部,杠铃,ok,
0096,杠铃侧屈（第2式）,barbell side bent v. 2,腰腹,杠铃,ok,
0097,杠铃侧分腿蹲（第2式）,barbell side split squat v. 2,大腿,杠铃,ok,
0098,杠铃侧分腿蹲,barbell side split squat,大腿,杠铃,ok,
0099,杠铃单腿分腿蹲,barbell single leg split squat,大腿,杠铃,ok,
0100,杠铃滑雪者,barbell skier,肩部,杠铃,ok,
0101,杠铃速度深蹲,barbell speed squat,大腿,杠铃,ok,
0102,杠铃深蹲（跪姿）,barbell squat (on knees),大腿,杠铃,ok,
0103,杠铃站姿腹健腹轮,barbell standing ab rollerout,腰腹,杠铃,ok,
0104,杠铃站姿背腕弯举,barbell standing back wrist curl,前臂,杠铃,ok,
0105,杠铃站姿布拉德福德推举,barbell standing bradford press,肩部,杠铃,ok,
0106,杠铃站姿窄距弯举,barbell standing close grip curl,上臂,杠铃,ok,
0107,杠铃站姿前平举越过头,barbell standing front raise over head,肩部,杠铃,ok,
0108,杠铃站姿腿提踵,barbell standing leg calf raise,小腿,杠铃,ok,
0109,杠铃站姿过头肱三头肌伸展,barbell standing overhead triceps extension,上臂,杠铃,ok,
0110,杠铃站姿反握弯举,barbell standing reverse grip curl,上臂,杠铃,ok,
0111,杠铃站姿摇摆腿提踵,barbell standing rocking leg calf raise,小腿,杠铃,ok,
0112,杠铃站姿转体,barbell standing twist,腰腹,杠铃,ok,
0113,杠铃站姿宽距弯举,barbell standing wide-grip curl,上臂,杠铃,ok,
0114,杠铃登台阶,barbell step-up,大腿,杠铃,ok,
0115,杠铃直腿早安式,barbell stiff leg good morning,大腿,杠铃,ok,
0116,杠铃直腿硬拉,barbell straight leg deadlift,大腿,杠铃,ok,
0117,杠铃相扑硬拉,barbell sumo deadlift,大腿,杠铃,ok,
0118,杠铃反握俯身划船,barbell reverse grip bent over row,背部,杠铃,ok,
0119,杠铃直立划船（第2式）,barbell upright row v. 2,肩部,杠铃,ok,
0120,杠铃直立划船,barbell upright row,肩部,杠铃,ok,
0121,杠铃直立划船（第3式）,barbell upright row v. 3,肩部,杠铃,ok,
0122,杠铃宽卧推,barbell wide bench press,胸部,杠铃,ok,
0123,杠铃宽距直立划船,barbell wide-grip upright row,肩部,杠铃,ok,
0124,杠铃宽深蹲,barbell wide squat,大腿,杠铃,ok,
0125,杠铃腕弯举（第2式）,barbell wrist curl v. 2,前臂,杠铃,ok,
0126,杠铃腕弯举,barbell wrist curl,前臂,杠铃,ok,
0127,杠铃泽奇深蹲,barbell zercher squat,大腿,杠铃,ok,
0129,凳臂屈伸（屈膝）,bench dip (knees bent),上臂,徒手,ok,
0130,凳髋伸展,bench hip extension,大腿,徒手,ok,
0137,身体上,body-up,上臂,徒手,ok,
0138,托举,bottoms-up,腰腹,徒手,ok,
0139,肱二头肌窄引体向上,biceps narrow pull-ups,上臂,徒手,ok,
0140,肱二头肌引体向上,biceps pull-up,上臂,徒手,ok,
0148,绳索交替肩推,cable alternate shoulder press,肩部,绳索,ok,
0149,绳索交替肱三头肌伸展,cable alternate triceps extension,上臂,绳索,ok,
0150,绳索杠侧向下拉,cable bar lateral pulldown,背部,绳索,ok,
0151,绳索卧推,cable bench press,胸部,绳索,ok,
0152,绳索集中伸展（跪姿）,cable concentration extension (on knee),上臂,绳索,ok,
0153,绳索交叉夹胸侧向下拉,cable cross-over lateral pulldown,背部,绳索,ok,
0154,绳索交叉夹胸反向飞鸟,cable cross-over revers fly,肩部,绳索,ok,
0155,绳索交叉夹胸,cable cross-over variation,胸部,绳索,ok,
0157,绳索硬拉,cable deadlift,大腿,绳索,ok,
0158,绳索下斜飞鸟,cable decline fly,胸部,绳索,ok,
0159,绳索下斜坐姿宽距划船,cable decline seated wide-grip row,背部,绳索,ok,
0160,绳索地面坐姿宽距划船,cable floor seated wide-grip row,背部,绳索,ok,
0161,绳索向前上举,cable forward raise,肩部,绳索,ok,
0162,绳索前平举,cable front raise,肩部,绳索,ok,
0164,绳索前肩上举,cable front shoulder raise,肩部,绳索,ok,
0165,绳索锤式弯举（绳）,cable hammer curl (with rope),上臂,绳索,ok,
0167,绳索高划船（跪姿）,cable high row (kneeling),背部,绳索,ok,
0168,绳索髋内收,cable hip adduction,大腿,绳索,ok,
0169,绳索上斜卧推,cable incline bench press,胸部,绳索,ok,
0170,绳索上斜飞鸟（健身球）,cable incline fly (on stability ball),胸部,绳索,ok,
0171,绳索上斜飞鸟,cable incline fly,胸部,绳索,ok,
0172,绳索上斜下压,cable incline pushdown,背部,绳索,ok,
0173,绳索上斜肱三头肌伸展,cable incline triceps extension,上臂,绳索,ok,
0174,绳索柔道翻转,cable judo flip,腰腹,绳索,ok,
0175,绳索跪姿卷腹,cable kneeling crunch,腰腹,绳索,ok,
0176,绳索跪姿肱三头肌伸展,cable kneeling triceps extension,上臂,绳索,ok,
0177,绳索侧向下拉（绳附件）,cable lateral pulldown (with rope attachment),背部,绳索,ok,
0178,绳索侧平举,cable lateral raise,肩部,绳索,ok,
0179,绳索低飞鸟,cable low fly,胸部,绳索,ok,
0180,绳索低坐姿划船,cable low seated row,背部,绳索,ok,
0182,绳索仰卧窄距弯举,cable lying close-grip curl,上臂,绳索,ok,
0184,绳索仰卧伸展仰卧上拉（绳附件）,cable lying extension pullover (with rope attachment),背部,绳索,ok,
0185,绳索仰卧飞鸟,cable lying fly,胸部,绳索,ok,
0186,绳索仰卧肱三头肌伸展（第2式）,cable lying triceps extension v. 2,上臂,绳索,ok,
0188,绳索中飞鸟,cable middle fly,胸部,绳索,ok,
0189,绳索单臂俯身划船,cable one arm bent over row,背部,绳索,ok,
0190,绳索单臂弯举,cable one arm curl,上臂,绳索,ok,
0191,绳索单臂侧向俯身,cable one arm lateral bent-over,胸部,绳索,ok,
0192,绳索单臂侧平举,cable one arm lateral raise,肩部,绳索,ok,
0193,绳索单臂直背高划船（跪姿）,cable one arm straight back high row (kneeling),背部,绳索,ok,
0194,绳索过头肱三头肌伸展（绳附件）,cable overhead triceps extension (rope attachment),上臂,绳索,ok,
0195,绳索牧师凳弯举,cable preacher curl,上臂,绳索,ok,
0196,绳索穿越拉（绳）,cable pull through (with rope),大腿,绳索,ok,
0197,绳索下拉（专业背阔肌杠）,cable pulldown (pro lat bar),背部,绳索,ok,
0198,绳索下拉,cable pulldown,背部,绳索,ok,
0199,绳索下压（直臂）（第2式）,cable pushdown (straight arm) v. 2,背部,绳索,ok,
0200,绳索下压（绳附件）,cable pushdown (with rope attachment),上臂,绳索,ok,
0201,绳索下压,cable pushdown,上臂,绳索,ok,
0202,绳索后束划船（马镫把手）,cable rear delt row (stirrups),肩部,绳索,ok,
0203,绳索后束划船（绳）,cable rear delt row (with rope),肩部,绳索,ok,
0204,绳索后驱动,cable rear drive,上臂,绳索,ok,
0205,绳索后下拉,cable rear pulldown,背部,绳索,ok,
0206,绳索反向弯举,cable reverse curl,上臂,绳索,ok,
0207,绳索反握下压,cable reverse-grip pushdown,上臂,绳索,ok,
0208,绳索反握直背坐姿高划船,cable reverse-grip straight back seated high row,背部,绳索,ok,
0209,绳索反向牧师凳弯举,cable reverse preacher curl,上臂,绳索,ok,
0210,绳索反向腕弯举,cable reverse wrist curl,前臂,绳索,ok,
0211,绳索俄罗斯转体（健身球）,cable russian twists (on stability ball),腰腹,绳索,ok,
0212,绳索坐姿卷腹,cable seated crunch,腰腹,绳索,ok,
0213,绳索坐姿高划船（V字杠）,cable seated high row (v-bar),背部,绳索,ok,
0214,绳索坐姿单臂交替划船,cable seated one arm alternate row,背部,绳索,ok,
0215,绳索坐姿后侧平举,cable seated rear lateral raise,肩部,绳索,ok,
0216,绳索坐姿肩内旋旋转,cable seated shoulder internal rotation,肩部,绳索,ok,
0218,绳索坐姿宽距划船,cable seated wide-grip row,背部,绳索,ok,
0219,绳索肩推,cable shoulder press,肩部,绳索,ok,
0220,绳索耸肩,cable shrug,背部,绳索,ok,
0221,绳索侧屈卷腹（波速球）,cable side bend crunch (bosu ball),腰腹,绳索,ok,
0222,绳索侧屈,cable side bend,腰腹,绳索,ok,
0223,绳索侧卷腹,cable side crunch,腰腹,绳索,ok,
0224,绳索站姿背腕弯举,cable standing back wrist curl,前臂,绳索,ok,
0225,绳索站姿交叉夹胸高反向飞鸟,cable standing cross-over high reverse fly,肩部,绳索,ok,
0226,绳索站姿卷腹,cable standing crunch,腰腹,绳索,ok,
0227,绳索站姿飞鸟,cable standing fly,胸部,绳索,ok,
0228,绳索站姿髋伸展,cable standing hip extension,大腿,绳索,ok,
0229,绳索站姿内侧弯举,cable standing inner curl,上臂,绳索,ok,
0230,绳索站姿提举,cable standing lift,腰腹,绳索,ok,
0231,绳索站姿单臂肱三头肌伸展,cable standing one arm triceps extension,上臂,绳索,ok,
0232,绳索站姿下拉（绳）,cable standing pulldown (with rope),上臂,绳索,ok,
0233,绳索站姿后束划船（绳）,cable standing rear delt row (with rope),肩部,绳索,ok,
0234,绳索站姿划船（V字杠）,cable standing row (v-bar),背部,绳索,ok,
0235,绳索站姿肩外旋旋转,cable standing shoulder external rotation,肩部,绳索,ok,
0236,绳索站姿转体划船（V字杠）,cable standing twist row (v-bar),背部,绳索,ok,
0237,绳索直臂下拉（绳）,cable straight arm pulldown (with rope),背部,绳索,ok,
0238,绳索直臂下拉,cable straight arm pulldown,背部,绳索,ok,
0239,绳索直背坐姿划船,cable straight back seated row,背部,绳索,ok,
0240,绳索仰卧反向飞鸟,cable supine reverse fly,肩部,绳索,ok,
0241,绳索肱三头肌下压（V字杠）,cable triceps pushdown (v-bar),上臂,绳索,ok,
0242,绳索团身反向卷腹,cable tuck reverse crunch,腰腹,绳索,ok,
0243,绳索转体,cable twist,腰腹,绳索,ok,
0244,绳索转体拉,cable twisting pull,背部,绳索,ok,
0245,绳索反握下拉,cable underhand pulldown,背部,绳索,ok,
0246,绳索直立划船,cable upright row,肩部,绳索,ok,
0247,绳索腕弯举,cable wrist curl,前臂,绳索,ok,
0248,杠铃弧形杠仰卧划船,cambered bar lying row,背部,杠铃,ok,
0251,胸臂屈伸,chest dip,胸部,徒手,ok,
0253,反握引体向上（窄平行握）,chin-ups (narrow parallel grip),背部,徒手,ok,
0257,绕环膝拉伸,circles knee stretch,小腿,徒手,ok,
0258,时钟俯卧撑,clock push-up,胸部,徒手,ok,
0259,窄距俯卧撑,close-grip push-up,上臂,徒手,ok,
0260,蚕茧式,cocoons,腰腹,徒手,ok,
0262,交叉身体卷腹,cross body crunch,腰腹,徒手,ok,
0267,卷腹（手过头）,crunch (hands overhead),腰腹,徒手,ok,
0271,健身球卷腹,crunch (on stability ball),腰腹,健身球,ok,
0272,健身球卷腹（健身球臂直）,"crunch (on stability ball, arms straight)",腰腹,健身球,ok,
0274,卷腹地面,crunch floor,腰腹,徒手,ok,
0276,死虫式,dead bug,腰腹,徒手,ok,
0277,下斜卷腹,decline crunch,腰腹,徒手,ok,
0279,下斜俯卧撑,decline push-up,胸部,徒手,ok,
0282,下斜仰卧起坐,decline sit-up,腰腹,徒手,ok,
0283,钻石俯卧撑,diamond push-up,上臂,徒手,ok,
0284,驴式提踵,donkey calf raise,小腿,徒手,ok,
0285,哑铃交替肱二头肌弯举,dumbbell alternate biceps curl,上臂,哑铃,ok,
0286,哑铃交替侧推举,dumbbell alternate side press,肩部,哑铃,ok,
0287,哑铃阿诺德推举（第2式）,dumbbell arnold press v. 2,肩部,哑铃,ok,
0288,哑铃环绕仰卧上拉,dumbbell around pullover,胸部,哑铃,ok,
0289,哑铃卧推,dumbbell bench press,胸部,哑铃,ok,
0290,哑铃凳坐姿推举,dumbbell bench seated press,肩部,哑铃,ok,
0291,哑铃凳深蹲,dumbbell bench squat,大腿,哑铃,ok,
0292,哑铃单臂俯身划船,dumbbell one arm bent-over row,背部,哑铃,ok,
0293,哑铃俯身划船,dumbbell bent over row,背部,哑铃,ok,
0294,哑铃肱二头肌弯举,dumbbell biceps curl,上臂,哑铃,ok,
0295,哑铃高翻,dumbbell clean,大腿,哑铃,ok,
0296,哑铃窄距推举,dumbbell close-grip press,上臂,哑铃,ok,
0297,哑铃集中弯举,dumbbell concentration curl,上臂,哑铃,ok,
0298,哑铃交叉身体锤式弯举,dumbbell cross body hammer curl,上臂,哑铃,ok,
0299,哑铃古巴推举,dumbbell cuban press,肩部,哑铃,ok,
0300,哑铃硬拉,dumbbell deadlift,大腿,哑铃,ok,
0301,哑铃下斜卧推,dumbbell decline bench press,胸部,哑铃,ok,
0302,哑铃下斜飞鸟,dumbbell decline fly,胸部,哑铃,ok,
0303,哑铃下斜锤推举,dumbbell decline hammer press,胸部,哑铃,ok,
0304,哑铃下斜耸肩（第2式）,dumbbell decline shrug v. 2,背部,哑铃,ok,
0305,哑铃下斜耸肩,dumbbell decline shrug,背部,哑铃,ok,
0306,哑铃下斜肱三头肌伸展,dumbbell decline triceps extension,上臂,哑铃,ok,
0307,哑铃下斜转体飞鸟,dumbbell decline twist fly,胸部,哑铃,ok,
0308,哑铃飞鸟,dumbbell fly,胸部,哑铃,ok,
0309,哑铃前平举（第2式）,dumbbell front raise v. 2,肩部,哑铃,ok,
0310,哑铃前平举,dumbbell front raise,肩部,哑铃,ok,
0311,哑铃全程罐侧平举,dumbbell full can lateral raise,肩部,哑铃,ok,
0312,哑铃锤式弯举（第2式）,dumbbell hammer curl v. 2,上臂,哑铃,ok,
0313,哑铃锤式弯举,dumbbell hammer curl,上臂,哑铃,ok,
0314,哑铃上斜卧推,dumbbell incline bench press,胸部,哑铃,ok,
0315,哑铃上斜肱二头肌弯举,dumbbell incline biceps curl,上臂,哑铃,ok,
0316,哑铃上斜繁殖,dumbbell incline breeding,胸部,哑铃,ok,
0317,哑铃上斜弯举（第2式）,dumbbell incline curl v. 2,上臂,哑铃,ok,
0318,哑铃上斜弯举,dumbbell incline curl,上臂,哑铃,ok,
0319,哑铃上斜飞鸟,dumbbell incline fly,胸部,哑铃,ok,
0320,哑铃上斜锤式弯举,dumbbell incline hammer curl,上臂,哑铃,ok,
0321,哑铃上斜锤推举,dumbbell incline hammer press,胸部,哑铃,ok,
0322,哑铃上斜内侧肱二头肌弯举,dumbbell incline inner biceps curl,上臂,哑铃,ok,
0323,哑铃上斜单臂侧平举,dumbbell incline one arm lateral raise,肩部,哑铃,ok,
0324,哑铃上斜掌推举,dumbbell incline palm-in press,胸部,哑铃,ok,
0325,哑铃上斜上举,dumbbell incline raise,肩部,哑铃,ok,
0326,哑铃上斜后侧平举,dumbbell incline rear lateral raise,肩部,哑铃,ok,
0327,哑铃上斜划船,dumbbell incline row,背部,哑铃,ok,
0328,哑铃上斜肩上举,dumbbell incline shoulder raise,胸部,哑铃,ok,
0329,哑铃上斜耸肩,dumbbell incline shrug,背部,哑铃,ok,
0330,哑铃上斜肱三头肌伸展,dumbbell incline triceps extension,上臂,哑铃,ok,
0331,哑铃上斜转体飞鸟,dumbbell incline twisted flyes,胸部,哑铃,ok,
0332,哑铃铁十字,dumbbell iron cross,肩部,哑铃,ok,
0333,哑铃后踢,dumbbell kickback,上臂,哑铃,ok,
0334,哑铃侧平举,dumbbell lateral raise,肩部,哑铃,ok,
0335,哑铃侧向前平举,dumbbell lateral to front raise,肩部,哑铃,ok,
0336,哑铃弓步,dumbbell lunge,大腿,哑铃,ok,
0337,哑铃仰卧伸展（横跨面）,dumbbell lying extension (across face),上臂,哑铃,ok,
0338,哑铃仰卧肘推举,dumbbell lying elbow press,上臂,哑铃,ok,
0339,哑铃仰卧股,dumbbell lying femoral,大腿,哑铃,ok,
0340,哑铃仰卧锤推举,dumbbell lying hammer press,胸部,哑铃,ok,
0341,哑铃仰卧单臂三角肌后,dumbbell lying one arm deltoid rear,肩部,哑铃,ok,
0342,哑铃仰卧单臂推举（第2式）,dumbbell lying one arm press v. 2,胸部,哑铃,ok,
0343,哑铃仰卧单臂推举,dumbbell lying one arm press,胸部,哑铃,ok,
0344,哑铃仰卧单臂正握肱三头肌伸展,dumbbell lying one arm pronated triceps extension,上臂,哑铃,ok,
0345,哑铃仰卧单臂后侧平举,dumbbell lying one arm rear lateral raise,肩部,哑铃,ok,
0346,哑铃仰卧单臂反握肱三头肌伸展,dumbbell lying one arm supinated triceps extension,上臂,哑铃,ok,
0347,哑铃仰卧旋前,dumbbell lying pronation,前臂,哑铃,ok,
0348,哑铃仰卧后侧平举,dumbbell lying rear lateral raise,肩部,哑铃,ok,
0349,哑铃仰卧旋后,dumbbell lying supination,前臂,哑铃,ok,
0350,哑铃仰卧弯举,dumbbell lying supine curl,上臂,哑铃,ok,
0351,哑铃仰卧肱三头肌伸展,dumbbell lying triceps extension,上臂,哑铃,ok,
0352,哑铃中立握卧推,dumbbell neutral grip bench press,上臂,哑铃,ok,
0353,哑铃单臂集中弯举（健身球）,dumbbell one arm concentration curl (on stability ball),上臂,哑铃,ok,
0354,哑铃单臂后踢,dumbbell one arm kickback,上臂,哑铃,ok,
0355,哑铃单臂侧平举,dumbbell one arm lateral raise,肩部,哑铃,ok,
0356,哑铃单臂侧平举（支撑）,dumbbell one arm lateral raise with support,肩部,哑铃,ok,
0358,哑铃单臂反向腕弯举,dumbbell one arm reverse wrist curl,前臂,哑铃,ok,
0359,哑铃单臂反向飞鸟（支撑）,dumbbell one arm reverse fly (with support),肩部,哑铃,ok,
0360,哑铃单臂肩推（第2式）,dumbbell one arm shoulder press v. 2,肩部,哑铃,ok,
0361,哑铃单臂肩推,dumbbell one arm shoulder press,肩部,哑铃,ok,
0362,哑铃单臂肱三头肌伸展（凳）,dumbbell one arm triceps extension (on bench),上臂,哑铃,ok,
0363,哑铃单臂直立划船,dumbbell one arm upright row,肩部,哑铃,ok,
0364,哑铃单臂腕弯举,dumbbell one arm wrist curl,前臂,哑铃,ok,
0365,哑铃越过凳中立腕弯举,dumbbell over bench neutral wrist curl,上臂,哑铃,ok,
0366,哑铃越过凳单臂中立腕弯举,dumbbell over bench one arm neutral wrist curl,上臂,哑铃,ok,
0367,哑铃越过凳单臂腕弯举,dumbbell over bench one arm wrist curl,前臂,哑铃,ok,
0368,哑铃越过凳反向腕弯举,dumbbell over bench revers wrist curl,前臂,哑铃,ok,
0369,哑铃越过凳腕弯举,dumbbell over bench wrist curl,前臂,哑铃,ok,
0370,哑铃牧师凳锤式弯举,dumbbell peacher hammer curl,上臂,哑铃,ok,
0371,哑铃增强式深蹲,dumbbell plyo squat,大腿,哑铃,ok,
0372,哑铃牧师凳弯举,dumbbell preacher curl,上臂,哑铃,ok,
0373,哑铃旋前握肱三头肌伸展,dumbbell pronate-grip triceps extension,上臂,哑铃,ok,
0374,哑铃俯卧上斜弯举,dumbbell prone incline curl,上臂,哑铃,ok,
0375,哑铃仰卧上拉,dumbbell pullover,胸部,哑铃,ok,
0376,哑铃上举,dumbbell raise,肩部,哑铃,ok,
0377,哑铃后束划船肩,dumbbell rear delt row_shoulder,肩部,哑铃,ok,
0378,哑铃后飞鸟,dumbbell rear fly,肩部,哑铃,ok,
0379,哑铃后侧平举（支撑头）,dumbbell rear lateral raise (support head),肩部,哑铃,ok,
0380,哑铃后侧平举,dumbbell rear lateral raise,肩部,哑铃,ok,
0381,哑铃后弓步,dumbbell rear lunge,大腿,哑铃,ok,
0382,哑铃反握肱二头肌弯举,dumbbell revers grip biceps curl,上臂,哑铃,ok,
0383,哑铃反向飞鸟,dumbbell reverse fly,肩部,哑铃,ok,
0384,哑铃反向牧师凳弯举,dumbbell reverse preacher curl,上臂,哑铃,ok,
0385,哑铃反向腕弯举,dumbbell reverse wrist curl,前臂,哑铃,ok,
0386,哑铃旋转反向飞鸟,dumbbell rotation reverse fly,肩部,哑铃,ok,
0387,哑铃坐姿交替前平举,dumbbell seated alternate front raise,肩部,哑铃,ok,
0388,哑铃坐姿交替推举,dumbbell seated alternate press,肩部,哑铃,ok,
0389,哑铃坐姿凳伸展,dumbbell seated bench extension,上臂,哑铃,ok,
0390,哑铃坐姿肱二头肌弯举（健身球）,dumbbell seated biceps curl (on stability ball),上臂,哑铃,ok,
0391,哑铃坐姿弯举,dumbbell seated curl,上臂,哑铃,ok,
0392,哑铃坐姿前平举,dumbbell seated front raise,肩部,哑铃,ok,
0393,哑铃坐姿内侧肱二头肌弯举,dumbbell seated inner biceps curl,上臂,哑铃,ok,
0394,哑铃坐姿后踢,dumbbell seated kickback,上臂,哑铃,ok,
0395,哑铃坐姿侧平举（第2式）,dumbbell seated lateral raise v. 2,肩部,哑铃,ok,
0396,哑铃坐姿侧平举,dumbbell seated lateral raise,肩部,哑铃,ok,
0397,哑铃坐姿中立腕弯举,dumbbell seated neutral wrist curl,上臂,哑铃,ok,
0398,哑铃坐姿单臂后踢,dumbbell seated one arm kickback,上臂,哑铃,ok,
0399,哑铃坐姿单臂旋转,dumbbell seated one arm rotate,前臂,哑铃,ok,
0400,哑铃坐姿单腿提踵,dumbbell seated one leg calf raise,小腿,哑铃,ok,
0401,哑铃坐姿掌上腕弯举,dumbbell seated palms up wrist curl,前臂,哑铃,ok,
0402,哑铃坐姿牧师凳弯举,dumbbell seated preacher curl,上臂,哑铃,ok,
0403,哑铃坐姿反握集中弯举,dumbbell seated revers grip concentration curl,上臂,哑铃,ok,
0404,哑铃坐姿肩推（平行握）,dumbbell seated shoulder press (parallel grip),肩部,哑铃,ok,
0405,哑铃坐姿肩推,dumbbell seated shoulder press,肩部,哑铃,ok,
0406,哑铃耸肩,dumbbell shrug,背部,哑铃,ok,
0407,哑铃侧屈,dumbbell side bend,腰腹,哑铃,ok,
0408,哑铃侧卧单手上举,dumbbell side lying one hand raise,肩部,哑铃,ok,
0409,哑铃单腿提踵,dumbbell single leg calf raise,小腿,哑铃,ok,
0410,哑铃单腿分腿蹲,dumbbell single leg split squat,大腿,哑铃,ok,
0411,哑铃单腿深蹲,dumbbell single leg squat,大腿,哑铃,ok,
0413,哑铃深蹲,dumbbell squat,大腿,哑铃,ok,
0414,哑铃站姿交替过头推举,dumbbell standing alternate overhead press,肩部,哑铃,ok,
0415,哑铃站姿交替上举,dumbbell standing alternate raise,肩部,哑铃,ok,
0416,哑铃站姿肱二头肌弯举,dumbbell standing biceps curl,上臂,哑铃,ok,
0417,哑铃站姿提踵,dumbbell standing calf raise,小腿,哑铃,ok,
0418,哑铃站姿集中弯举,dumbbell standing concentration curl,上臂,哑铃,ok,
0419,哑铃站姿前平举上方头,dumbbell standing front raise above head,肩部,哑铃,ok,
0420,哑铃站姿后踢,dumbbell standing kickback,上臂,哑铃,ok,
0421,哑铃站姿单臂集中弯举,dumbbell standing one arm concentration curl,上臂,哑铃,ok,
0422,哑铃站姿单臂弯举（越过上斜凳）,dumbbell standing one arm curl (over incline bench),上臂,哑铃,ok,
0423,哑铃站姿单臂伸展,dumbbell standing one arm extension,上臂,哑铃,ok,
0424,哑铃站姿单臂掌推举,dumbbell standing one arm palm in press,肩部,哑铃,ok,
0425,哑铃站姿单臂反向弯举,dumbbell standing one arm reverse curl,上臂,哑铃,ok,
0426,哑铃站姿过头推举,dumbbell standing overhead press,肩部,哑铃,ok,
0427,哑铃站姿掌推举,dumbbell standing palms in press,肩部,哑铃,ok,
0428,哑铃站姿牧师凳弯举,dumbbell standing preacher curl,上臂,哑铃,ok,
0429,哑铃站姿反向弯举,dumbbell standing reverse curl,上臂,哑铃,ok,
0430,哑铃站姿肱三头肌伸展,dumbbell standing triceps extension,上臂,哑铃,ok,
0431,哑铃登台阶,dumbbell step-up,大腿,哑铃,ok,
0432,哑铃罗马尼亚硬拉,dumbbell stiff leg deadlift,大腿,哑铃,ok,
0433,哑铃直臂仰卧上拉,dumbbell straight arm pullover,胸部,哑铃,ok,
0434,哑铃直腿硬拉,dumbbell straight leg deadlift,大腿,哑铃,ok,
0436,哑铃泰特推举,dumbbell tate press,上臂,哑铃,ok,
0437,哑铃直立划船,dumbbell upright row,肩部,哑铃,ok,
0438,哑铃W字推举,dumbbell w-press,肩部,哑铃,ok,
0439,哑铃佐特曼弯举,dumbbell zottman curl,上臂,哑铃,ok,
0443,肘膝,elbow-to-knee,腰腹,徒手,ok,
0445,曲杆抗重力推举,ez barbell anti gravity press,肩部,曲杆,ok,
0446,曲杆窄距弯举,ez barbell close-grip curl,上臂,曲杆,ok,
0447,曲杆弯举,ez barbell curl,上臂,曲杆,ok,
0448,曲杆下斜窄距面推举,ez barbell decline close grip face press,上臂,曲杆,ok,
0449,曲杆上斜肱三头肌伸展,ez barbell incline triceps extension,上臂,曲杆,ok,
0450,曲杆JM卧推,ez barbell jm bench press,上臂,曲杆,ok,
0451,曲杆反握弯举,ez barbell reverse grip curl,上臂,曲杆,ok,
0452,曲杆反握牧师凳弯举,ez barbell reverse grip preacher curl,上臂,曲杆,ok,
0453,曲杆坐姿肱三头肌伸展,ez barbell seated triceps extension,上臂,曲杆,ok,
0454,曲杆蜘蛛弯举,ez barbell spider curl,上臂,曲杆,ok,
0455,杠铃指弯举,finger curls,前臂,杠铃,ok,
0456,屈曲腿仰卧起坐（屈膝）,flexion leg sit up (bent knee),腰腹,徒手,ok,
0457,屈曲腿仰卧起坐（直臂）,flexion leg sit up (straight arm),腰腹,徒手,ok,
0458,杠铃地面飞鸟,floor fly (with barbell),胸部,杠铃,ok,
0459,打水踢腿,flutter kicks,大腿,徒手,ok,
0464,前平板支撑（转体）,front plank with twist,腰腹,徒手,ok,
0466,吉龙达胸骨引体,gironda sternum chin,背部,徒手,ok,
0467,大猩猩引体,gorilla chin,腰腹,徒手,ok,
0469,腹股沟卷腹,groin crunch,腰腹,徒手,ok,
0471,倒立俯卧撑,handstand push-up,上臂,徒手,ok,
0472,悬垂抬腿,hanging leg raise,腰腹,徒手,ok,
0473,悬垂屈体,hanging pike,腰腹,徒手,ok,
0474,悬垂直腿髋上举,hanging straight leg hip raise,腰腹,徒手,ok,
0475,悬垂直腿上举,hanging straight leg raise,腰腹,徒手,ok,
0476,悬垂直转体腿髋上举,hanging straight twisting leg hip raise,腰腹,徒手,ok,
0484,髋上举（屈膝）,hip raise (bent knee),腰腹,徒手,ok,
0488,山羊挺身（凳）,hyperextension (on bench),背部,徒手,ok,
0489,山羊挺身,hyperextension,背部,徒手,ok,
0490,上斜窄距俯卧撑,incline close-grip push-up,上臂,徒手,ok,
0491,上斜腿髋上举（腿直）,incline leg hip raise (leg straight),腰腹,徒手,ok,
0492,上斜俯卧撑深度跳跃,incline push up depth jump,胸部,徒手,ok,
0493,上斜俯卧撑,incline push-up,胸部,徒手,ok,
0494,上斜反握俯卧撑,incline reverse grip push-up,胸部,徒手,ok,
0495,上斜转体仰卧起坐,incline twisting sit-up,腰腹,徒手,ok,
0496,反向腿弯举（凳支撑）,inverse leg curl (bench support),大腿,徒手,ok,
0497,倒立划船（第2式）,inverted row v. 2,背部,徒手,ok,
0498,倒立划船（拉带）,inverted row with straps,背部,徒手,ok,
0499,倒立划船,inverted row,背部,徒手,ok,
0500,等长雨刷式,isometric wipers,胸部,徒手,ok,
0501,开合波比跳,jack burpee,有氧,徒手,ok,
0507,折叠式仰卧起坐,jackknife sit-up,腰腹,徒手,ok,
0508,扬达仰卧起坐,janda sit-up,腰腹,徒手,ok,
0513,蹲跳（第2式）,jump squat v. 2,大腿,徒手,ok,
0514,蹲跳,jump squat,大腿,徒手,ok,
0517,壶铃进阶风车式,kettlebell advanced windmill,腰腹,壶铃,ok,
0518,壶铃交替悬垂高翻,kettlebell alternating hang clean,前臂,壶铃,ok,
0519,壶铃交替推举（地面）,kettlebell alternating press on floor,胸部,壶铃,ok,
0520,壶铃交替推举,kettlebell alternating press,肩部,壶铃,ok,
0521,壶铃交替叛徒划船,kettlebell alternating renegade row,背部,壶铃,ok,
0522,壶铃交替划船,kettlebell alternating row,背部,壶铃,ok,
0523,壶铃阿诺德推举,kettlebell arnold press,肩部,壶铃,ok,
0524,壶铃屈推举,kettlebell bent press,腰腹,壶铃,ok,
0525,壶铃托举高翻悬垂位,kettlebell bottoms up clean from the hang position,上臂,壶铃,ok,
0526,壶铃双交替悬垂高翻,kettlebell double alternating hang clean,上臂,壶铃,ok,
0527,壶铃双挺举,kettlebell double jerk,肩部,壶铃,ok,
0528,壶铃双推推举,kettlebell double push press,肩部,壶铃,ok,
0529,壶铃双抓举,kettlebell double snatch,肩部,壶铃,ok,
0530,壶铃双风车式,kettlebell double windmill,腰腹,壶铃,ok,
0531,壶铃伸展幅度单臂推举（地面）,kettlebell extended range one arm press on floor,胸部,壶铃,ok,
0532,壶铃8字,kettlebell figure 8,腰腹,壶铃,ok,
0533,壶铃前蹲,kettlebell front squat,大腿,壶铃,ok,
0534,壶铃高脚杯深蹲,kettlebell goblet squat,大腿,壶铃,ok,
0535,壶铃悬垂高翻,kettlebell hang clean,大腿,壶铃,ok,
0536,壶铃弓步传递穿过,kettlebell lunge pass through,大腿,壶铃,ok,
0537,壶铃单臂高翻挺举,kettlebell one arm clean and jerk,肩部,壶铃,ok,
0538,壶铃单臂挺举,kettlebell one arm jerk,肩部,壶铃,ok,
0539,壶铃单臂军式推举侧,kettlebell one arm military press to the side,肩部,壶铃,ok,
0540,壶铃单臂推推举,kettlebell one arm push press,肩部,壶铃,ok,
0541,壶铃单臂划船,kettlebell one arm row,背部,壶铃,ok,
0542,壶铃单臂抓举,kettlebell one arm snatch,肩部,壶铃,ok,
0543,壶铃海盗超人式腿,kettlebell pirate supper legs,肩部,壶铃,ok,
0544,壶铃单腿深蹲,kettlebell pistol squat,大腿,壶铃,ok,
0545,壶铃增强式俯卧撑,kettlebell plyo push-up,胸部,壶铃,ok,
0546,壶铃坐姿推举,kettlebell seated press,肩部,壶铃,ok,
0547,壶铃跷跷板式推举,kettlebell seesaw press,肩部,壶铃,ok,
0548,壶铃相扑高拉,kettlebell sumo high pull,背部,壶铃,ok,
0549,壶铃摆荡,kettlebell swing,大腿,壶铃,ok,
0550,壶铃推举深蹲,kettlebell thruster,肩部,壶铃,ok,
0551,壶铃土耳其起立（深蹲式）,kettlebell turkish get up (squat style),大腿,壶铃,ok,
0552,壶铃双臂高翻,kettlebell two arm clean,肩部,壶铃,ok,
0553,壶铃双臂军式推举,kettlebell two arm military press,肩部,壶铃,ok,
0554,壶铃风车式,kettlebell windmill,腰腹,壶铃,ok,
0555,踢腿出坐,kick out sit,大腿,徒手,ok,
0558,摆荡式肌肉上,kipping muscle up,背部,徒手,ok,
0562,杠铃地雷管180,landmine 180,腰腹,杠铃,ok,
0570,腿拉平躺凳,leg pull in flat bench,腰腹,徒手,ok,
0571,器械交替窄距坐姿划船,lever alternating narrow grip seated row,背部,器械,ok,
0572,器械反握引体向上,lever assisted chin-up,背部,器械,ok,
0573,器械背部伸展,lever back extension,背部,器械,ok,
0574,T杠俯身划船,lever bent over row,背部,杠铃,ok,
0575,器械肱二头肌弯举,lever bicep curl,上臂,器械,ok,
0576,器械胸推,lever chest press,胸部,器械,ok,
0578,器械硬拉,lever deadlift,大腿,器械,ok,
0579,器械前下拉,lever front pulldown,背部,器械,ok,
0580,器械无握耸肩,lever gripless shrug,背部,器械,ok,
0581,器械高划船,lever high row,背部,器械,ok,
0582,器械跪姿腿弯举,lever kneeling leg curl,大腿,器械,ok,
0583,器械跪姿转体,lever kneeling twist,腰腹,器械,ok,
0584,器械侧平举,lever lateral raise,肩部,器械,ok,
0585,器械腿屈伸,lever leg extension,大腿,器械,ok,
0586,器械仰卧腿弯举,lever lying leg curl,大腿,器械,ok,
0587,器械军式推举,lever military press,肩部,器械,ok,
0588,器械窄距坐姿划船,lever narrow grip seated row,背部,器械,ok,
0589,T杠单臂俯身划船,lever one arm bent over row,背部,杠铃,ok,
0590,器械单臂肩推,lever one arm shoulder press,肩部,器械,ok,
0591,器械正握肱三头肌臂屈伸,lever overhand triceps dip,上臂,器械,ok,
0592,器械牧师凳弯举,lever preacher curl,上臂,器械,ok,
0593,器械反向山羊挺身,lever reverse hyperextension,大腿,器械,ok,
0594,器械坐姿提踵,lever seated calf raise,小腿,器械,ok,
0595,器械坐姿卷腹（胸垫）,lever seated crunch (chest pad),腰腹,器械,ok,
0596,器械坐姿飞鸟,lever seated fly,胸部,器械,ok,
0597,器械坐姿髋外展,lever seated hip abduction,大腿,器械,ok,
0598,器械坐姿髋内收,lever seated hip adduction,大腿,器械,ok,
0599,器械坐姿腿弯举,lever seated leg curl,大腿,器械,ok,
0600,器械坐姿抬腿卷腹,lever seated leg raise crunch,腰腹,器械,ok,
0601,器械坐姿反向飞鸟（平行握）,lever seated reverse fly (parallel grip),肩部,器械,ok,
0602,器械坐姿反向飞鸟,lever seated reverse fly,肩部,器械,ok,
0603,器械肩推,lever shoulder press,肩部,器械,ok,
0604,器械耸肩,lever shrug,背部,器械,ok,
0605,器械站姿提踵,lever standing calf raise,小腿,器械,ok,
0606,器械T字杠划船,lever t bar row,背部,器械,ok,
0607,器械肱三头肌伸展,lever triceps extension,上臂,器械,ok,
0609,战绳伦敦臀桥,london bridge,背部,战绳,ok,
0613,仰卧股四头肌拉伸（侧）,lying (side) quads stretch,大腿,徒手,ok,
0620,仰卧抬腿平躺凳,lying leg raise flat bench,腰腹,徒手,ok,
0624,踏步坐（墙）,march sit (wall),大腿,徒手,ok,
0627,混合握反握引体向上,mixed grip chin-up,背部,徒手,ok,
0628,怪兽行走,monster walk,大腿,徒手,ok,
0630,登山跑,mountain climber,有氧,徒手,ok,
0631,肌肉上,muscle up,背部,徒手,ok,
0634,退让卷腹,negative crunch,腰腹,徒手,ok,
0635,腹斜肌卷腹地面,oblique crunches floor,腰腹,徒手,ok,
0636,奥杆锤式弯举,olympic barbell hammer curl,上臂,奥杆,ok,
0637,奥杆肱三头肌伸展,olympic barbell triceps extension,上臂,奥杆,ok,
0638,单臂反握引体向上,one arm chin-up,背部,徒手,ok,
0639,单臂臂屈伸,one arm dip,上臂,徒手,ok,
0640,药球单臂砸球,one arm slam (with medicine ball),腰腹,药球,ok,
0641,负重奥蒂斯上,otis up,腰腹,负重,ok,
0642,外侧腿踢腿俯卧撑,outside leg kick push-up,大腿,徒手,ok,
0643,过头肱三头肌拉伸,overhead triceps stretch,上臂,徒手,ok,
0648,杠铃爆发高翻,power clean,大腿,杠铃,ok,
0650,健身球拉,pull-in (on stability ball),腰腹,健身球,ok,
0651,引体向上（中立握）,pull up (neutral grip),背部,徒手,ok,
0652,引体向上,pull-up,背部,徒手,ok,
0653,波速球俯卧撑,push-up (bosu ball),胸部,波速球,ok,
0655,健身球俯卧撑,push-up (on stability ball),胸部,健身球,ok,
0658,俯卧撑（墙）（第2式）,push-up (wall) v. 2,胸部,徒手,ok,
0659,俯卧撑（墙）,push-up (wall),胸部,徒手,ok,
0660,哑铃俯卧撑窄距离,push-up close-grip off dumbbell,上臂,哑铃,ok,
0661,俯卧撑内侧腿踢腿,push-up inside leg kick,大腿,徒手,ok,
0662,俯卧撑,push-up,胸部,徒手,ok,
0663,药球俯卧撑,push-up medicine ball,胸部,药球,ok,
0664,俯卧撑侧平板支撑,push-up to side plank,腰腹,徒手,ok,
0666,上举单臂俯卧撑,raise single arm push-up,胸部,徒手,ok,
0668,后下斜臀桥,rear decline bridge,大腿,徒手,ok,
0669,后三角肌拉伸,rear deltoid stretch,肩部,徒手,ok,
0670,后引体向上,rear pull-up,背部,徒手,ok,
0672,反向臂屈伸,reverse dip,上臂,徒手,ok,
0673,器械反握背阔肌下拉,reverse grip machine lat pulldown,背部,器械,ok,
0674,反握引体向上,reverse grip pull-up,背部,徒手,ok,
0675,健身球反向挺身伸展,reverse hyper extension (on stability ball),大腿,健身球,ok,
0677,吊环臂屈伸,ring dips,上臂,徒手,ok,
0678,洛奇引体向上下拉,rocky pull-up pulldown,背部,徒手,ok,
0680,战绳绳攀爬,rope climb,背部,战绳,ok,
0684,器械跑步,run (equipment),有氧,徒手,ok,
0685,跑步,run,有氧,徒手,ok,
0687,俄罗斯转体,russian twist,腰腹,徒手,ok,
0688,肩胛引体向上,scapular pull-up,背部,徒手,ok,
0689,坐姿抬腿,seated leg raise,腰腹,徒手,ok,
0690,坐姿下背拉伸,seated lower back stretch,背部,徒手,ok,
0691,坐姿侧卷腹（墙）,seated side crunch (wall),腰腹,徒手,ok,
0696,自体反向腿弯举（地面）,self assisted inverse leg curl (on floor),大腿,徒手,ok,
0697,自体反向腿弯举,self assisted inverse leg curl,大腿,徒手,ok,
0699,肩拍击俯卧撑,shoulder tap push-up,胸部,徒手,ok,
0705,侧臀桥（第2式）,side bridge v. 2,腰腹,徒手,ok,
0709,侧髋（平行杠）,side hip (on parallel bars),腰腹,徒手,ok,
0710,侧髋外展,side hip abduction,大腿,徒手,ok,
0716,侧推颈拉伸,side push neck stretch,颈部,徒手,ok,
0717,侧俯卧撑,side push-up,上臂,徒手,ok,
0720,侧侧引体,side-to-side chin,背部,徒手,ok,
0721,侧腕拉拉伸,side wrist pull stretch,前臂,徒手,ok,
0725,单臂俯卧撑,single arm push-up,胸部,徒手,ok,
0730,单腿台滑行,single leg platform slide,大腿,徒手,ok,
0735,仰卧起坐（第2式）,sit-up v. 2,腰腹,徒手,ok,
0738,雪橇机45°小腿推举,sled 45в° calf press,小腿,雪橇机,ok,
0739,雪橇机45°腿举,sled 45в° leg press,大腿,雪橇机,ok,
0740,雪橇机45°腿宽推举,sled 45в° leg wide press,大腿,雪橇机,ok,
0741,雪橇机更近哈克深蹲,sled closer hack squat,大腿,雪橇机,ok,
0742,雪橇机向前斜角提踵,sled forward angled calf raise,小腿,雪橇机,ok,
0743,雪橇机哈克深蹲,sled hack squat,大腿,雪橇机,ok,
0744,雪橇机仰卧深蹲,sled lying squat,大腿,雪橇机,ok,
0746,史密斯机背耸肩,smith back shrug,背部,史密斯机,ok,
0747,史密斯机背后颈推举,smith behind neck press,肩部,史密斯机,ok,
0748,史密斯机卧推,smith bench press,胸部,史密斯机,ok,
0749,史密斯机屈膝早安式,smith bent knee good morning,大腿,史密斯机,ok,
0750,史密斯机椅深蹲,smith chair squat,大腿,史密斯机,ok,
0751,史密斯机窄距卧推,smith close-grip bench press,上臂,史密斯机,ok,
0752,史密斯机硬拉,smith deadlift,大腿,史密斯机,ok,
0753,史密斯机下斜卧推,smith decline bench press,胸部,史密斯机,ok,
0754,史密斯机下斜反握推举,smith decline reverse-grip press,胸部,史密斯机,ok,
0755,史密斯机哈克深蹲,smith hack squat,大腿,史密斯机,ok,
0756,史密斯机髋上举,smith hip raise,腰腹,史密斯机,ok,
0757,史密斯机上斜卧推,smith incline bench press,胸部,史密斯机,ok,
0758,史密斯机上斜反握推举,smith incline reverse-grip press,胸部,史密斯机,ok,
0759,史密斯机上斜肩上举,smith incline shoulder raises,胸部,史密斯机,ok,
0760,史密斯机腿举,smith leg press,大腿,史密斯机,ok,
0761,史密斯机窄划船,smith narrow row,背部,史密斯机,ok,
0762,史密斯机后束划船,smith rear delt row,肩部,史密斯机,ok,
0763,史密斯机反向提踵,smith reverse calf raises,小腿,史密斯机,ok,
0764,史密斯机反握推举,smith reverse-grip press,胸部,史密斯机,ok,
0765,史密斯机坐姿肩推,smith seated shoulder press,肩部,史密斯机,ok,
0766,史密斯机肩推,smith shoulder press,肩部,史密斯机,ok,
0767,史密斯机耸肩,smith shrug,背部,史密斯机,ok,
0768,史密斯机单腿分腿蹲,smith single leg split squat,大腿,史密斯机,ok,
0769,史密斯机冲刺弓步,smith sprint lunge,大腿,史密斯机,ok,
0770,史密斯机深蹲,smith squat,大腿,史密斯机,ok,
0771,史密斯机站姿背腕弯举,smith standing back wrist curl,前臂,史密斯机,ok,
0772,史密斯机站姿背后头军式推举,smith standing behind head military press,肩部,史密斯机,ok,
0773,史密斯机站姿腿提踵,smith standing leg calf raise,小腿,史密斯机,ok,
0774,史密斯机站姿军式推举,smith standing military press,肩部,史密斯机,ok,
0775,史密斯机直立划船,smith upright row,肩部,史密斯机,ok,
0776,杠铃抓举拉,snatch pull,大腿,杠铃,ok,
0777,哑铃施法者,spell caster,腰腹,哑铃,ok,
0778,蜘蛛爬行俯卧撑,spider crawl push up,大腿,徒手,ok,
0786,杠铃深蹲挺举,squat jerk,大腿,杠铃,ok,
0788,杠铃站姿背后颈推举,standing behind neck press,肩部,杠铃,ok,
0794,站姿侧向拉伸,standing lateral stretch,背部,徒手,ok,
0795,站姿单腿弯举,standing single leg curl,大腿,徒手,ok,
0796,健腹轮站姿健腹轮,standing wheel rollerout,腰腹,健腹轮,ok,
0798,器械行走,stationary bike walk,有氧,器械,ok,
0803,超人式俯卧撑,superman push-up,胸部,徒手,ok,
0805,悬挂腹部前伸,suspended abdominal fallout,腰腹,徒手,ok,
0806,悬挂俯卧撑,suspended push-up,胸部,徒手,ok,
0807,悬挂反向卷腹,suspended reverse crunch,腰腹,徒手,ok,
0808,悬挂划船,suspended row,背部,徒手,ok,
0809,悬挂分腿蹲,suspended split squat,大腿,徒手,ok,
0811,六角杠硬拉,trap bar deadlift,大腿,六角杠,ok,
0812,肱三头肌臂屈伸（凳腿）,triceps dip (bench leg),上臂,徒手,ok,
0813,肱三头肌臂屈伸（之间凳）,triceps dip (between benches),上臂,徒手,ok,
0814,肱三头肌臂屈伸,triceps dip,上臂,徒手,ok,
0815,肱三头肌臂屈伸地面,triceps dips floor,上臂,徒手,ok,
0816,肱三头肌推举,triceps press,上臂,徒手,ok,
0817,肱三头肌拉伸,triceps stretch,上臂,徒手,ok,
0818,绳索双握把平行握背阔肌下拉,twin handle parallel grip lat pulldown,背部,绳索,ok,
0826,垂直抬腿（平行杠）,vertical leg raise (on parallel bars),腰腹,徒手,ok,
0830,负重凳臂屈伸,weighted bench dip,上臂,负重,ok,
0832,负重卷腹,weighted crunch,腰腹,负重,ok,
0833,负重驴式提踵,weighted donkey calf raise,小腿,负重,ok,
0834,负重前平举,weighted front raise,肩部,负重,ok,
0835,负重山羊挺身（健身球）,weighted hyperextension (on stability ball),背部,负重,ok,
0840,负重过头卷腹（健身球）,weighted overhead crunch (on stability ball),腰腹,负重,ok,
0841,负重引体向上,weighted pull-up,背部,负重,ok,
0844,负重圆背臂,weighted round arm,肩部,负重,ok,
0845,负重俄罗斯转体（腿上）,weighted russian twist (legs up),腰腹,负重,ok,
0846,负重俄罗斯转体,weighted russian twist,腰腹,负重,ok,
0847,药球坐姿肱二头肌弯举（健身球）,weighted seated bicep curl (on stability ball),上臂,药球,ok,
0849,负重坐姿转体（健身球）,weighted seated twist (on stability ball),腰腹,负重,ok,
0850,负重侧屈（健身球）,weighted side bend (on stability ball),腰腹,负重,ok,
0851,负重西斯深蹲,weighted sissy squat,大腿,负重,ok,
0852,负重深蹲,weighted squat,大腿,负重,ok,
0853,负重站姿弯举,weighted standing curl,上臂,负重,ok,
0854,负重站姿手挤压,weighted standing hand squeeze,前臂,负重,ok,
0856,负重斯文德推举,weighted svend press,胸部,负重,ok,
0858,绕环冲刺,wind sprints,腰腹,徒手,ok,
0859,负重腕,wrist rollerer,前臂,负重,ok,
0860,绳索后踢,cable kickback,上臂,绳索,ok,
0861,绳索坐姿划船,cable seated row,背部,绳索,ok,
0862,绳索转体（上下）,cable twist (up-down),腰腹,绳索,ok,
0863,哑铃仰卧外旋肩旋转,dumbbell lying external shoulder rotation,肩部,哑铃,ok,
0864,哑铃直立肩外旋旋转,dumbbell upright shoulder external rotation,肩部,哑铃,ok,
0865,仰卧腿髋上举,lying leg-hip raise,腰腹,徒手,ok,
0866,负重悬垂腿髋上举,weighted hanging leg-hip raise,腰腹,负重,ok,
0868,绳索弯举,cable curl,上臂,绳索,ok,
0869,器械肩推（第2式）,lever shoulder press v. 2,肩部,器械,ok,
0870,臀上,butt-ups,腰腹,徒手,ok,
0871,团身卷腹,tuck crunch,腰腹,徒手,ok,
0872,反向卷腹,reverse crunch,腰腹,徒手,ok,
0873,绳索反向卷腹,cable reverse crunch,腰腹,绳索,ok,
0874,绳索站姿卷腹（绳附件）,cable standing crunch (with rope attachment),腰腹,绳索,ok,
0968,弹力带交替肱二头肌弯举,band alternating biceps curl,上臂,弹力带,ok,
0969,弹力带交替V字两头起,band alternating v-up,腰腹,弹力带,ok,
0970,弹力带引体向上,band assisted pull-up,背部,弹力带,ok,
0971,弹力带健腹轮,band assisted wheel rollerout,腰腹,弹力带,ok,
0972,弹力带自行车卷腹,band bicycle crunch,腰腹,弹力带,ok,
0974,弹力带窄距下拉,band close-grip pulldown,背部,弹力带,ok,
0975,弹力带窄距俯卧撑,band close-grip push-up,上臂,弹力带,ok,
0976,弹力带集中弯举,band concentration curl,上臂,弹力带,ok,
0977,弹力带前侧平举,band front lateral raise,肩部,弹力带,ok,
0978,弹力带前平举,band front raise,肩部,弹力带,ok,
0979,弹力带水平帕洛夫推举,band horizontal pallof press,腰腹,弹力带,ok,
0980,弹力带俯身髋伸展,band bent-over hip extension,大腿,弹力带,ok,
0981,弹力带开合折叠仰卧起坐,band jack knife sit-up,腰腹,弹力带,ok,
0983,弹力带跪姿单臂下拉,band kneeling one arm pulldown,背部,弹力带,ok,
0984,弹力带仰卧髋内旋旋转,band lying hip internal rotation,大腿,弹力带,ok,
0985,弹力带跪姿转体卷腹,band kneeling twisting crunch,腰腹,弹力带,ok,
0986,弹力带单臂过头肱二头肌弯举,band one arm overhead biceps curl,上臂,弹力带,ok,
0987,弹力带单臂单腿分腿蹲,band one arm single leg split squat,大腿,弹力带,ok,
0988,弹力带单臂站姿低划船,band one arm standing low row,背部,弹力带,ok,
0989,弹力带单臂转体胸推,band one arm twisting chest press,胸部,弹力带,ok,
0990,弹力带单臂转体坐姿划船,band one arm twisting seated row,背部,弹力带,ok,
0991,弹力带穿越拉,band pull through,大腿,弹力带,ok,
0992,弹力带推仰卧起坐,band push sit-up,腰腹,弹力带,ok,
0993,弹力带反向飞鸟,band reverse fly,肩部,弹力带,ok,
0994,弹力带反向腕弯举,band reverse wrist curl,前臂,弹力带,ok,
0996,弹力带坐姿髋内旋旋转,band seated hip internal rotation,大腿,弹力带,ok,
0997,弹力带肩推,band shoulder press,肩部,弹力带,ok,
0998,弹力带侧肱三头肌伸展,band side triceps extension,上臂,弹力带,ok,
0999,弹力带单腿提踵,band single leg calf raise,小腿,弹力带,ok,
1000,弹力带单腿反向提踵,band single leg reverse calf raise,小腿,弹力带,ok,
1001,弹力带单腿分腿蹲,band single leg split squat,大腿,弹力带,ok,
1002,弹力带仰卧直腿上举,band lying straight leg raise,腰腹,弹力带,ok,
1003,弹力带深蹲划船,band squat row,大腿,弹力带,ok,
1004,弹力带深蹲,band squat,大腿,弹力带,ok,
1005,弹力带站姿卷腹,band standing crunch,腰腹,弹力带,ok,
1007,弹力带站姿转体卷腹,band standing twisting crunch,腰腹,弹力带,ok,
1008,弹力带登台阶,band step-up,大腿,弹力带,ok,
1009,弹力带罗马尼亚硬拉,band stiff leg deadlift,大腿,弹力带,ok,
1010,弹力带直腿硬拉,band straight leg deadlift,背部,弹力带,ok,
1011,弹力带坐姿转体,band seated twist,腰腹,弹力带,ok,
1012,弹力带转体过头推举,band twisting overhead press,肩部,弹力带,ok,
1013,弹力带反握下拉,band underhand pulldown,背部,弹力带,ok,
1014,弹力带V字两头起,band v-up,腰腹,弹力带,ok,
1015,弹力带垂直帕洛夫推举,band vertical pallof press,腰腹,弹力带,ok,
1016,弹力带腕弯举,band wrist curl,前臂,弹力带,ok,
1017,弹力带Y字上举,band y-raise,肩部,弹力带,ok,
1018,弹力带耸肩,band shrug,背部,弹力带,ok,
1022,弹力带站姿后束划船,band standing rear delt row,肩部,弹力带,ok,
1023,弹力带直背直腿硬拉,band straight back stiff leg deadlift,大腿,弹力带,ok,
1160,波比跳,burpee,有氧,徒手,ok,
1167,动态胸部拉伸,dynamic chest stretch (male),胸部,徒手,ok,
1201,哑铃波比跳,dumbbell burpee,有氧,哑铃,ok,
1253,器械驴式提踵,lever donkey calf raise,小腿,器械,ok,
1254,弹力带卧推,band bench press,胸部,弹力带,ok,
1255,杠铃下斜仰卧上拉,barbell decline pullover,胸部,杠铃,ok,
1256,杠铃反握下斜卧推,barbell reverse grip decline bench press,胸部,杠铃,ok,
1257,杠铃反握上斜卧推,barbell reverse grip incline bench press,胸部,杠铃,ok,
1258,杠铃宽反握卧推,barbell wide reverse grip bench press,胸部,杠铃,ok,
1259,助力背后头胸部拉伸,behind head chest stretch,胸部,助力,ok,
1260,绳索下斜单臂推举,cable decline one arm press,胸部,绳索,ok,
1261,绳索下斜推举,cable decline press,胸部,绳索,ok,
1262,绳索单臂下斜胸飞鸟,cable one arm decline chest fly,胸部,绳索,ok,
1263,绳索单臂飞鸟（健身球）,cable one arm fly on exercise ball,胸部,绳索,ok,
1264,绳索单臂上斜飞鸟（健身球）,cable one arm incline fly on exercise ball,胸部,绳索,ok,
1265,绳索单臂上斜推举,cable one arm incline press,胸部,绳索,ok,
1266,绳索单臂上斜推举（健身球）,cable one arm incline press on exercise ball,胸部,绳索,ok,
1267,绳索单臂推举（健身球）,cable one arm press on exercise ball,胸部,绳索,ok,
1268,绳索推举（健身球）,cable press on exercise ball,胸部,绳索,ok,
1269,绳索站姿上直交叉夹胸,cable standing up straight crossovers,胸部,绳索,ok,
1270,绳索上胸交叉夹胸,cable upper chest crossovers,胸部,绳索,ok,
1271,胸前肩拉伸,chest and front of shoulder stretch,胸部,徒手,ok,
1272,健身球胸部拉伸,chest stretch with exercise ball,胸部,健身球,ok,
1273,击掌俯卧撑,clap push up,胸部,徒手,ok,
1274,哑铃深度俯卧撑,deep push up,胸部,哑铃,ok,
1275,下放俯卧撑,drop push up,胸部,徒手,ok,
1276,哑铃下斜单臂飞鸟,dumbbell decline one arm fly,胸部,哑铃,ok,
1277,哑铃飞鸟（健身球）,dumbbell fly on exercise ball,胸部,哑铃,ok,
1278,哑铃上斜飞鸟（健身球）,dumbbell incline fly on exercise ball,胸部,哑铃,ok,
1279,哑铃上斜单臂飞鸟,dumbbell incline one arm fly,胸部,哑铃,ok,
1280,哑铃上斜单臂飞鸟（健身球）,dumbbell incline one arm fly on exercise ball,胸部,哑铃,ok,
1281,哑铃上斜单臂推举,dumbbell incline one arm press,胸部,哑铃,ok,
1282,哑铃上斜单臂推举（健身球）,dumbbell incline one arm press on exercise ball,胸部,哑铃,ok,
1283,哑铃上斜推举（健身球）,dumbbell incline press on exercise ball,胸部,哑铃,ok,
1284,哑铃仰卧上拉（健身球）,dumbbell lying pullover on exercise ball,胸部,哑铃,ok,
1285,哑铃单臂凳飞鸟,dumbbell one arm bench fly,胸部,哑铃,ok,
1286,哑铃单臂胸飞鸟（健身球）,dumbbell one arm chest fly on exercise ball,胸部,哑铃,ok,
1287,哑铃单臂下斜胸推,dumbbell one arm decline chest press,胸部,哑铃,ok,
1288,哑铃单臂飞鸟（健身球）,dumbbell one arm fly on exercise ball,胸部,哑铃,ok,
1289,哑铃单臂上斜胸推,dumbbell one arm incline chest press,胸部,哑铃,ok,
1290,哑铃单臂推举（健身球）,dumbbell one arm press on exercise ball,胸部,哑铃,ok,
1291,哑铃单臂仰卧上拉（健身球）,dumbbell one arm pullover on exercise ball,胸部,哑铃,ok,
1292,哑铃单腿飞鸟（健身球）,dumbbell one leg fly on exercise ball,胸部,哑铃,ok,
1293,哑铃推举（健身球）,dumbbell press on exercise ball,胸部,哑铃,ok,
1294,哑铃仰卧上拉髋伸展（健身球）,dumbbell pullover hip extension on exercise ball,胸部,哑铃,ok,
1296,健身球屈体俯卧撑,exercise ball pike push up,胸部,健身球,ok,
1297,等长胸挤压,isometric chest squeeze,胸部,徒手,ok,
1298,壶铃单臂地面推举,kettlebell one arm floor press,胸部,壶铃,ok,
1299,器械上斜胸推,lever incline chest press,胸部,器械,ok,
1300,器械下斜胸推,lever decline chest press,胸部,器械,ok,
1301,器械内侧胸推,machine inner chest press,胸部,器械,ok,
1302,药球胸传递,medicine ball chest pass,胸部,药球,ok,
1303,药球胸推3点站姿,medicine ball chest push from 3 point stance,胸部,药球,ok,
1304,药球胸推多次反应,medicine ball chest push multiple response,胸部,药球,ok,
1305,药球胸推单反应,medicine ball chest push single response,胸部,药球,ok,
1306,增强式俯卧撑,plyo push up,胸部,徒手,ok,
1308,史密斯机宽距卧推,smith wide grip bench press,胸部,史密斯机,ok,
1309,史密斯机宽距下斜卧推,smith wide grip decline bench press,胸部,史密斯机,ok,
1310,负重下放俯卧撑,weighted drop push up,胸部,负重,ok,
1311,宽手俯卧撑,wide hand push up,胸部,徒手,ok,
1312,药球胸推（跑步释放）,medicine ball chest push with run release,胸部,药球,ok,
1313,器械单侧划船,lever unilateral row,背部,器械,ok,
1314,健身球背部伸展,back extension on exercise ball,背部,健身球,ok,
1316,杠铃屈臂仰卧上拉,barbell bent arm pullover,背部,杠铃,ok,
1317,杠铃反握上斜凳划船,barbell reverse grip incline bench row,背部,杠铃,ok,
1318,绳索上斜凳划船,cable incline bench row,背部,绳索,ok,
1319,绳索掌旋转划船,cable palm rotational row,背部,绳索,ok,
1320,绳索交叉夹胸坐姿划船,cable rope crossover seated row,背部,绳索,ok,
1321,绳索垫高坐姿划船,cable rope elevated seated row,背部,绳索,ok,
1322,绳索伸展上斜凳划船,cable rope extension incline bench row,背部,绳索,ok,
1323,双绳坐姿划船,cable rope seated row,背部,绳索,ok,
1324,绳索上划船,cable upper row,背部,绳索,ok,
1325,绳索宽距后下拉背后颈,cable wide grip rear pulldown behind neck,背部,绳索,ok,
1326,正握引体向上,chin-up,背部,徒手,ok,
1327,窄距反握引体向上,close grip chin-up,背部,徒手,ok,
1328,哑铃仰卧后束划船,dumbbell lying rear delt row,背部,哑铃,ok,
1329,哑铃掌旋转俯身划船,dumbbell palm rotational bent over row,背部,哑铃,ok,
1330,哑铃反握上斜凳单臂划船,dumbbell reverse grip incline bench one arm row,背部,哑铃,ok,
1331,哑铃反握上斜凳双臂划船,dumbbell reverse grip incline bench two arm row,背部,哑铃,ok,
1332,健身球交替臂上,exercise ball alternating arm ups,背部,健身球,ok,
1333,健身球背部伸展（臂伸展）,exercise ball back extension with arms extended,背部,健身球,ok,
1334,健身球背部伸展（手背后头）,exercise ball back extension with hands behind head,背部,健身球,ok,
1335,健身球背部伸展（跪姿离地面）,exercise ball back extension with knees off ground,背部,健身球,ok,
1336,健身球背部伸展（旋转）,exercise ball back extension with rotation,背部,健身球,ok,
1338,健身球抱,exercise ball hug,背部,健身球,ok,
1339,健身球背阔肌拉伸,exercise ball lat stretch,背部,健身球,ok,
1341,健身球下背拉伸（金字塔）,exercise ball lower back stretch (pyramid),背部,健身球,ok,
1342,健身球仰卧侧背阔肌拉伸,exercise ball lying side lat stretch,背部,健身球,ok,
1343,健身球俯卧抬腿,exercise ball prone leg raise,背部,健身球,ok,
1344,曲杆杠反握俯身划船,ez bar reverse grip bent over row,背部,曲杆,ok,
1345,壶铃双臂划船,kettlebell two arm row,背部,壶铃,ok,
1346,跪姿背阔肌拉伸,kneeling lat stretch,背部,徒手,ok,
1347,器械单臂侧向宽下拉,lever one arm lateral wide pulldown,背部,器械,ok,
1348,器械反握垂直划船,lever reverse grip vertical row,背部,器械,ok,
1349,器械反向T字杠划船,lever reverse t-bar row,背部,器械,ok,
1350,器械坐姿划船,lever seated row,背部,器械,ok,
1351,器械T字杠反握划船,lever t-bar reverse grip row,背部,器械,ok,
1352,下背弯举,lower back curl,背部,徒手,ok,
1353,药球接过头投掷,medicine ball catch and overhead throw,背部,药球,ok,
1354,药球过头砸球,medicine ball overhead slam,背部,药球,ok,
1356,器械单臂侧向高划船,lever one arm lateral high row,背部,器械,ok,
1358,侧卧地面拉伸,side lying floor stretch,背部,徒手,ok,
1359,史密斯机俯身划船,smith bent over row,背部,史密斯机,ok,
1360,史密斯机单臂划船,smith one arm row,背部,史密斯机,ok,
1361,史密斯机反握俯身划船,smith reverse grip bent over row,背部,史密斯机,ok,
1362,狮身式,sphinx,背部,徒手,ok,
1363,脊柱拉伸,spine stretch,背部,徒手,ok,
1364,站姿骨盆倾斜,standing pelvic tilt,背部,徒手,ok,
1365,上背拉伸,upper back stretch,背部,徒手,ok,
1366,向上朝向犬式,upward facing dog,背部,徒手,ok,
1367,宽距后引体向上,wide grip rear pull-up,背部,徒手,ok,
1368,踝绕环,ankle circles,小腿,徒手,ok,
1370,杠铃地面提踵,barbell floor calf raise,小腿,杠铃,ok,
1372,杠铃站姿提踵,barbell standing calf raise,小腿,杠铃,ok,
1374,跳箱下（单腿稳定）,box jump down with one leg stabilization,小腿,徒手,ok,
1375,绳索站姿提踵,cable standing calf raise,小腿,绳索,ok,
1376,绳索站姿单腿提踵,cable standing one leg calf raise,小腿,绳索,ok,
1377,小腿拉伸（手靠墙）,calf stretch with hands against wall,小腿,徒手,ok,
1378,战绳小腿拉伸（绳）,calf stretch with rope,小腿,战绳,ok,
1379,哑铃坐姿提踵,dumbbell seated calf raise,小腿,哑铃,ok,
1380,哑铃坐姿单腿提踵锤握,dumbbell seated one leg calf raise - hammer grip,小腿,哑铃,ok,
1381,哑铃坐姿单腿提踵掌上,dumbbell seated one leg calf raise - palm up,小腿,哑铃,ok,
1382,哑铃（墙提踵）,exercise ball on the wall calf raise,小腿,哑铃,ok,
1383,雪橇机哈克提踵,hack calf raise,小腿,雪橇机,ok,
1384,雪橇机哈克单腿提踵,hack one leg calf raise,小腿,雪橇机,ok,
1385,器械坐姿深蹲提踵（腿举器械）,lever seated squat calf raise on leg press machine,小腿,器械,ok,
1386,单腿驴式提踵,one leg donkey calf raise,小腿,徒手,ok,
1387,单腿地面提踵,one leg floor calf raise,小腿,徒手,ok,
1388,战绳腓骨肌拉伸,peroneals stretch,小腿,战绳,ok,
1389,战绳后侧胫骨肌拉伸,posterior tibialis stretch,小腿,战绳,ok,
1390,坐姿小腿拉伸,seated calf stretch (male),小腿,徒手,ok,
1391,雪橇机小腿推举（腿举）,sled calf press on leg press,小腿,雪橇机,ok,
1392,雪橇机单腿小腿推举（腿举）,sled one leg calf press on leg press,小腿,雪橇机,ok,
1393,史密斯机单腿地面提踵,smith one leg floor calf raise,小腿,史密斯机,ok,
1395,史密斯机坐姿单腿提踵,smith seated one leg calf raise,小腿,史密斯机,ok,
1396,史密斯机趾上举,smith toe raise,小腿,史密斯机,ok,
1397,站姿小腿,standing calves,小腿,徒手,ok,
1398,站姿小腿拉伸,standing calves calf stretch,小腿,徒手,ok,
1399,凳臂屈伸（地面）,bench dip on floor,上臂,徒手,ok,
1401,肌肉上（垂直杠）,muscle-up (on vertical bar),背部,徒手,ok,
1403,颈侧拉伸,neck side stretch,颈部,徒手,ok,
1405,背胸肌拉伸,back pec stretch,背部,徒手,ok,
1407,小腿推拉伸（手靠墙）,calf push stretch with hands against wall,小腿,徒手,ok,
1408,弹力带髋提举,band hip lift,大腿,弹力带,ok,
1409,杠铃臀桥,barbell glute bridge,大腿,杠铃,ok,
1410,杠铃侧向弓步,barbell lateral lunge,大腿,杠铃,ok,
1411,杠铃掌下腕弯举越过凳,barbell palms down wrist curl over a bench,前臂,杠铃,ok,
1412,杠铃掌上腕弯举越过凳,barbell palms up wrist curl over a bench,前臂,杠铃,ok,
1413,绳索反向单臂弯举,cable reverse one arm curl,上臂,绳索,ok,
1414,哑铃单臂反向牧师凳弯举,dumbbell one arm reverse preacher curl,上臂,哑铃,ok,
1415,哑铃单臂坐姿中立腕弯举,dumbbell one arm seated neutral wrist curl,前臂,哑铃,ok,
1416,健身球单腿俯卧下身体旋转,exercise ball one leg prone lower body rotation,大腿,健身球,ok,
1417,健身球单腿对角踢腿腘绳肌弯举,exercise ball one legged diagonal kick hamstring curl,大腿,健身球,ok,
1418,抱膝胸,hug keens to chest,大腿,徒手,ok,
1419,铁十字拉伸,iron cross stretch,大腿,徒手,ok,
1420,杠铃跪姿蹲跳,kneeling jump squat,大腿,杠铃,ok,
1421,改良俯卧撑下臂,modified push up to lower arms,前臂,徒手,ok,
1422,骨盆倾斜臀桥,pelvic tilt into bridge,大腿,徒手,ok,
1423,反向挺身（平躺凳）,reverse hyper on flat bench,大腿,徒手,ok,
1424,坐姿臀拉伸,seated glute stretch,大腿,徒手,ok,
1425,雪橇机45度单腿推举,sled 45 degrees one leg press,大腿,雪橇机,ok,
1426,史密斯机坐姿腕弯举,smith seated wrist curl,前臂,史密斯机,ok,
1427,直腿外侧髋外展肌,straight leg outer hip abductor,大腿,徒手,ok,
1428,腕绕环,wrist circles,前臂,徒手,ok,
1429,宽距引体向上,wide grip pull-up,背部,徒手,ok,
1430,胸臂屈伸（臂屈伸引体向上框）,chest dip (on dip-pull-up cage),胸部,徒手,ok,
1431,器械站姿反握引体向上,assisted standing chin-up,背部,器械,ok,
1432,器械站姿引体向上,assisted standing pull-up,背部,器械,ok,
1433,史密斯机前蹲（高翻握）,smith front squat (clean grip),大腿,史密斯机,ok,
1434,史密斯机低杠深蹲,smith low bar squat,大腿,史密斯机,ok,
1435,杠铃低杠深蹲,barbell low bar squat,大腿,杠铃,ok,
1436,杠铃高杠深蹲,barbell high bar squat,大腿,杠铃,ok,
1437,哑铃指弯举,dumbbell finger curls,前臂,哑铃,ok,
1438,壶铃坐姿双臂军式推举,kettlebell seated two arm military press,肩部,壶铃,ok,
1439,器械无握耸肩（第2式）,lever gripless shrug v. 2,背部,器械,ok,
1441,哑铃越过凳单臂反向腕弯举,dumbbell over bench one arm reverse wrist curl,前臂,哑铃,ok,
1451,器械坐姿臂屈伸,lever seated dip,上臂,器械,ok,
1452,器械坐姿卷腹,lever seated crunch,腰腹,器械,ok,
1456,杠铃站姿窄距军式推举,barbell standing close grip military press,肩部,杠铃,ok,
1457,杠铃站姿宽军式推举,barbell standing wide military press,肩部,杠铃,ok,
1458,曲杆坐姿弯举,ez barbell seated curls,上臂,曲杆,ok,
1460,行走弓步,walking lunge,大腿,徒手,ok,
1461,杠铃全程深蹲（后视角）,barbell full squat (back pov),大腿,杠铃,ok,
1462,杠铃全程深蹲（侧视角）,barbell full squat (side pov),大腿,杠铃,ok,
1463,雪橇机45°腿举（侧视角）,sled 45° leg press (side pov),大腿,雪橇机,ok,
1464,雪橇机45°腿举（后视角）,sled 45в° leg press (back pov),大腿,雪橇机,ok,
1466,转体髋提举,twist hip lift,大腿,徒手,ok,
1467,俯卧撑（下臂）,push-up on lower arms,上臂,徒手,ok,
1468,蟹行转体体前屈,crab twist toe touch,腰腹,徒手,ok,
1471,尺蠖式,inchworm,腰腹,徒手,ok,
1472,向前跳跃,forward jump,大腿,徒手,ok,
1473,向后跳跃,backward jump,大腿,徒手,ok,
1476,单腿深蹲,one leg squat,大腿,徒手,ok,
1479,器械上斜胸推（第2式）,lever incline chest press v. 2,胸部,器械,ok,
1489,西斯深蹲,sissy squat,大腿,徒手,ok,
1490,站姿提踵（阶梯）,standing calf raise (on a staircase),小腿,徒手,ok,
1494,蝶式瑜伽体式,butterfly yoga pose,大腿,徒手,ok,
1495,腹斜肌卷腹（第2式）,oblique crunch v. 2,腰腹,徒手,ok,
1496,锤式锤,sledge hammer,腰腹,锤式,ok,
1511,腘绳肌拉伸,hamstring stretch,大腿,徒手,ok,
1512,四肢着地队拉伸,all fours squad stretch,大腿,徒手,ok,
1545,杠铃全程泽奇深蹲,barbell full zercher squat,大腿,杠铃,ok,
1548,椅腿伸展拉伸,chair leg extended stretch,大腿,徒手,ok,
1559,健身球髂腰肌拉伸,exercise ball hip flexor stretch,大腿,健身球,ok,
1560,健身球坐姿腘绳肌拉伸,exercise ball seated hamstring stretch,大腿,健身球,ok,
1564,战绳中级髂腰肌股四头肌拉伸,intermediate hip flexor and quad stretch,大腿,战绳,ok,
1576,腿上腘绳肌拉伸,leg up hamstring stretch,大腿,徒手,ok,
1582,战绳斜躺大趾体式（绳）,reclining big toe pose with rope,大腿,战绳,ok,
1585,跑者拉伸,runners stretch,大腿,徒手,ok,
1587,坐姿宽角度体式序列,seated wide angle pose sequence,大腿,徒手,ok,
1599,战绳站姿腘绳肌小腿拉伸（拉带）,standing hamstring and calf stretch with strap,大腿,战绳,ok,
1604,世界最大拉伸,world greatest stretch,大腿,徒手,ok,
1614,器械牧师凳弯举（第2式）,lever preacher curl v. 2,上臂,器械,ok,
1615,器械锤握牧师凳弯举,lever hammer grip preacher curl,上臂,器械,ok,
1616,器械反握牧师凳弯举,lever reverse grip preacher curl,上臂,器械,ok,
1617,哑铃下斜单臂锤推举,dumbbell decline one arm hammer press,上臂,哑铃,ok,
1618,哑铃上斜锤推举（健身球）,dumbbell incline hammer press on exercise ball,上臂,哑铃,ok,
1619,哑铃上斜单臂锤推举,dumbbell incline one arm hammer press,上臂,哑铃,ok,
1620,哑铃上斜单臂锤推举（健身球）,dumbbell incline one arm hammer press on exercise ball,上臂,哑铃,ok,
1621,哑铃单臂锤推举（健身球）,dumbbell one arm hammer press on exercise ball,上臂,哑铃,ok,
1622,哑铃单臂反握推举,dumbbell one arm reverse grip press,胸部,哑铃,ok,
1623,哑铃掌上斜卧推,dumbbell palms in incline bench press,上臂,哑铃,ok,
1624,哑铃反向卧推,dumbbell reverse bench press,胸部,哑铃,ok,
1625,史密斯机下斜窄距卧推,smith machine decline close grip bench press,上臂,史密斯机,ok,
1626,史密斯机反向下斜窄距卧推,smith machine reverse decline close grip bench press,胸部,史密斯机,ok,
1627,曲杆窄距牧师凳弯举,ez barbell close grip preacher curl,上臂,曲杆,ok,
1629,杠铃站姿宽距肱二头肌弯举,barbell standing wide grip biceps curl,上臂,杠铃,ok,
1630,绳索窄距弯举,cable close grip curl,上臂,绳索,ok,
1631,绳索集中弯举,cable concentration curl,上臂,绳索,ok,
1632,绳索拖拽弯举,cable drag curl,上臂,绳索,ok,
1633,绳索单臂牧师凳弯举,cable one arm preacher curl,上臂,绳索,ok,
1634,绳索仰卧肱二头肌弯举,cable lying bicep curl,上臂,绳索,ok,
1635,绳索单臂反向牧师凳弯举,cable one arm reverse preacher curl,上臂,绳索,ok,
1636,绳索过头弯举,cable overhead curl,上臂,绳索,ok,
1637,绳索过头弯举（健身球）,cable overhead curl on exercise ball,上臂,绳索,ok,
1638,绳索下拉肱二头肌弯举,cable pulldown bicep curl,上臂,绳索,ok,
1639,绳索锤牧师凳弯举,cable rope hammer preacher curl,上臂,绳索,ok,
1640,绳索单臂锤牧师凳弯举,cable rope one arm hammer preacher curl,上臂,绳索,ok,
1641,绳索坐姿弯举,cable seated curl,上臂,绳索,ok,
1642,绳索坐姿单臂集中弯举,cable seated one arm concentration curl,上臂,绳索,ok,
1643,绳索坐姿过头弯举,cable seated overhead curl,上臂,绳索,ok,
1644,绳索蹲姿弯举,cable squatting curl,上臂,绳索,ok,
1645,绳索双臂弯举（上斜凳）,cable two arm curl on incline bench,上臂,绳索,ok,
1646,哑铃交替锤牧师凳弯举,dumbbell alternate hammer preacher curl,上臂,哑铃,ok,
1647,哑铃交替牧师凳弯举,dumbbell alternate preacher curl,上臂,哑铃,ok,
1648,哑铃交替坐姿锤式弯举,dumbbell alternate seated hammer curl,上臂,哑铃,ok,
1653,哑铃肱二头肌弯举（鹳式站姿）,dumbbell bicep curl with stork stance,上臂,哑铃,ok,
1654,哑铃肱二头肌弯举反向,dumbbell biceps curl reverse,上臂,哑铃,ok,
1655,哑铃肱二头肌弯举深蹲,dumbbell biceps curl squat,上臂,哑铃,ok,
1656,哑铃肱二头肌弯举V字坐（波速球）,dumbbell biceps curl v sit on bosu ball,上臂,哑铃,ok,
1657,哑铃交叉身体锤式弯举（第2式）,dumbbell cross body hammer curl v. 2,上臂,哑铃,ok,
1658,哑铃弓步（肱二头肌弯举）,dumbbell lunge with bicep curl,上臂,哑铃,ok,
1659,哑铃锤式弯举（健身球）,dumbbell hammer curl on exercise ball,上臂,哑铃,ok,
1660,哑铃跪姿肱二头肌弯举,dumbbell kneeling bicep curl exercise ball,上臂,哑铃,ok,
1661,哑铃仰卧肱二头肌弯举,dumbbell lying supine biceps curl,上臂,哑铃,ok,
1662,哑铃仰卧宽弯举,dumbbell lying wide curl,上臂,哑铃,ok,
1663,哑铃单臂锤牧师凳弯举,dumbbell one arm hammer preacher curl,上臂,哑铃,ok,
1664,哑铃高弯举,dumbbell high curl,上臂,哑铃,ok,
1665,哑铃单臂俯卧弯举,dumbbell one arm prone curl,上臂,哑铃,ok,
1666,哑铃单臂俯卧锤式弯举,dumbbell one arm prone hammer curl,上臂,哑铃,ok,
1667,哑铃单臂反向蜘蛛弯举,dumbbell one arm reverse spider curl,上臂,哑铃,ok,
1669,哑铃单臂坐姿锤式弯举,dumbbell one arm seated hammer curl,上臂,哑铃,ok,
1670,哑铃单臂站姿弯举,dumbbell one arm standing curl,上臂,哑铃,ok,
1671,哑铃单臂站姿锤式弯举,dumbbell one arm standing hammer curl,上臂,哑铃,ok,
1672,哑铃单臂佐特曼牧师凳弯举,dumbbell one arm zottman preacher curl,上臂,哑铃,ok,
1673,哑铃牧师凳弯举越过,dumbbell preacher curl over exercise ball,上臂,哑铃,ok,
1674,哑铃俯卧上斜锤式弯举,dumbbell prone incline hammer curl,上臂,哑铃,ok,
1675,哑铃反向蜘蛛弯举,dumbbell reverse spider curl,上臂,哑铃,ok,
1676,哑铃坐姿交替锤式弯举（健身球）,dumbbell seated alternate hammer curl on exercise ball,上臂,哑铃,ok,
1677,哑铃坐姿肱二头肌弯举,dumbbell seated bicep curl,上臂,哑铃,ok,
1678,哑铃坐姿锤式弯举,dumbbell seated hammer curl,上臂,哑铃,ok,
1680,哑铃站姿单臂弯举越过上斜凳,dumbbell standing one arm curl over incline bench,上臂,哑铃,ok,
1682,曲杆杠坐姿窄距集中弯举,ez bar seated close grip concentration curl,上臂,曲杆,ok,
1683,史密斯机肱二头肌弯举,smith machine bicep curl,上臂,史密斯机,ok,
1685,深蹲过头伸展,squat to overhead reach,大腿,徒手,ok,
1686,深蹲过头伸展（转体）,squat to overhead reach with twist,大腿,徒手,ok,
1687,后侧台阶过头伸展,posterior step to overhead reach,腰腹,徒手,ok,
1688,弓步（转体）,lunge with twist,腰腹,徒手,ok,
1700,哑铃推推举,dumbbell push press,肩部,哑铃,ok,
1701,药球窄距俯卧撑,medicine ball close grip push up,上臂,药球,ok,
1705,波速球深蹲,squat on bosu ball,大腿,波速球,ok,
1707,健身球俯卧转体,prone twist on stability ball,腰腹,健身球,ok,
1708,助力仰卧小腿拉伸,assisted lying calves stretch,小腿,助力,ok,
1709,助力仰卧臀拉伸,assisted lying glutes stretch,大腿,助力,ok,
1710,助力仰卧臀肌梨状肌拉伸,assisted lying gluteus and piriformis stretch,大腿,助力,ok,
1712,助力侧卧内收肌拉伸,assisted side lying adductor stretch,大腿,助力,ok,
1713,助力俯卧仰卧股四头肌拉伸,assisted prone lying quads stretch,大腿,助力,ok,
1714,助力俯卧股直肌拉伸,assisted prone rectus femoris stretch,腰腹,助力,ok,
1716,助力坐姿胸大肌拉伸（健身球）,assisted seated pectoralis major stretch with stability ball,胸部,助力,ok,
1717,绳索深蹲划船（绳附件）,cable squat row (with rope attachment),背部,绳索,ok,
1718,杠铃坐姿窄距背后颈肱三头肌伸展,barbell seated close grip behind neck triceps extension,上臂,杠铃,ok,
1719,杠铃上斜窄距卧推,barbell incline close grip bench press,上臂,杠铃,ok,
1720,杠铃仰卧背头肱三头肌伸展,barbell lying back of the head tricep extension,上臂,杠铃,ok,
1721,杠铃反握碎颅者,barbell reverse grip skullcrusher,上臂,杠铃,ok,
1722,绳索高滑轮过头肱三头肌伸展,cable high pulley overhead tricep extension,上臂,绳索,ok,
1723,绳索单臂肱三头肌下压,cable one arm tricep pushdown,上臂,绳索,ok,
1724,双绳高滑轮过头肱三头肌伸展,cable rope high pulley overhead tricep extension,上臂,绳索,ok,
1725,双绳上斜肱三头肌伸展,cable rope incline tricep extension,上臂,绳索,ok,
1726,绳索仰卧（地面肱三头肌伸展）,cable rope lying on floor tricep extension,上臂,绳索,ok,
1727,绳索站姿反握单臂过头肱三头肌伸展,cable standing reverse grip one arm overhead tricep extension,上臂,绳索,ok,
1728,绳索双臂肱三头肌后踢,cable two arm tricep kickback,上臂,绳索,ok,
1729,哑铃仰卧交替伸展,dumbbell lying alternate extension,上臂,哑铃,ok,
1730,哑铃坐姿俯身交替后踢,dumbbell seated bent over alternate kickback,上臂,哑铃,ok,
1732,哑铃向前弓步肱三头肌伸展,dumbbell forward lunge triceps extension,上臂,哑铃,ok,
1733,哑铃上斜双臂伸展,dumbbell incline two arm extension,上臂,哑铃,ok,
1734,哑铃后踢（健身球）,dumbbell kickbacks on exercise ball,上臂,哑铃,ok,
1735,哑铃仰卧单伸展,dumbbell lying single extension,上臂,哑铃,ok,
1736,哑铃单臂法式推举（健身球）,dumbbell one arm french press on exercise ball,上臂,哑铃,ok,
1737,哑铃坐姿俯身肱三头肌伸展,dumbbell seated bent over triceps extension,上臂,哑铃,ok,
1738,哑铃坐姿反握单臂过头肱三头肌伸展,dumbbell seated reverse grip one arm overhead tricep extension,上臂,哑铃,ok,
1739,哑铃站姿交替肱三头肌后踢,dumbbell standing alternating tricep kickback,上臂,哑铃,ok,
1740,哑铃站姿俯身单臂肱三头肌伸展,dumbbell standing bent over one arm triceps extension,上臂,哑铃,ok,
1741,哑铃站姿俯身双臂肱三头肌伸展,dumbbell standing bent over two arm triceps extension,上臂,哑铃,ok,
1742,哑铃肱三头肌后踢（鹳式站姿）,dumbbell tricep kickback with stork stance,上臂,哑铃,ok,
1743,哑铃转体卧推,dumbbell twisting bench press,上臂,哑铃,ok,
1744,健身球臂屈伸,exercise ball dip,上臂,健身球,ok,
1745,健身球坐姿肱三头肌拉伸,exercise ball seated triceps stretch,上臂,健身球,ok,
1746,健身球仰卧肱三头肌伸展,exercise ball supine triceps extension,上臂,哑铃,ok,
1747,曲杆杠法式推举（健身球）,ez bar french press on exercise ball,上臂,曲杆,ok,
1748,曲杆杠仰卧窄距肱三头肌伸展背后头,ez bar lying close grip triceps extension behind head,上臂,曲杆,ok,
1749,曲杆杠站姿法式推举,ez bar standing french press,上臂,曲杆,ok,
1750,药球仰卧胸投掷,medicine ball supine chest throw,上臂,药球,ok,
1751,杠铃定位推举,barbell pin presses,上臂,杠铃,ok,
1752,史密斯机上斜肱三头肌伸展,smith machine incline tricep extension,上臂,史密斯机,ok,
1753,三凳臂屈伸,three bench dip,上臂,徒手,ok,
1754,负重三凳臂屈伸,weighted three bench dips,上臂,负重,ok,
1755,负重肱三头肌臂屈伸,weighted tricep dips,上臂,负重,ok,
1756,杠铃单腿硬拉,barbell single leg deadlift,大腿,杠铃,ok,
1757,哑铃单腿硬拉,dumbbell single leg deadlift,大腿,哑铃,ok,
1758,助力仰卧起坐,assisted sit-up,腰腹,助力,ok,
1759,单腿深蹲（单腿深蹲）,single leg squat (pistol) male,大腿,徒手,ok,
1760,哑铃高脚杯深蹲,dumbbell goblet squat,大腿,哑铃,ok,
1761,悬垂腹斜肌抬膝,hanging oblique knee raise,腰腹,徒手,ok,
1763,肩握引体向上,shoulder grip pull-up,背部,徒手,ok,
1764,悬垂腿髋上举,hanging leg hip raise,腰腹,徒手,ok,
1765,哑铃直立划船（后视角）,dumbbell upright row (back pov),肩部,哑铃,ok,
1767,负重肱三头肌臂屈伸（高平行杠）,weighted triceps dip on high parallel bars,上臂,负重,ok,
1769,侧卧肱二头肌弯举,bodyweight side lying biceps curl,上臂,徒手,ok,
1770,肱二头肌腿集中弯举,biceps leg concentration curl,上臂,徒手,ok,
1771,跪姿肱三头肌伸展,bodyweight kneeling triceps extension,上臂,徒手,ok,
1772,肘提举反向俯卧撑,elbow lift - reverse push-up,背部,徒手,ok,
1773,单臂毛巾划船,one arm towel row,背部,徒手,ok,
1774,侧臀桥髋外展,side bridge hip abduction,大腿,徒手,ok,
1775,侧平板支撑髋内收,side plank hip adduction,大腿,徒手,ok,
2133,哑铃农夫行走,farmers walk,大腿,哑铃,ok,
2135,负重前平板支撑,weighted front plank,腰腹,负重,ok,
2136,哑铃古巴推举（第2式）,dumbbell cuban press v. 2,肩部,哑铃,ok,
2137,哑铃阿诺德推举,dumbbell arnold press,肩部,哑铃,ok,
2138,健身车跑步（第3式）,stationary bike run v. 3,有氧,健身车,ok,
2139,上肢功率车手,hands bike,胸部,上肢功率车,ok,
2141,椭圆机行走交叉训练器,walk elliptical cross trainer,有氧,椭圆机,ok,
2142,滑雪机滑雪,ski ergometer,上臂,滑雪机,ok,
2143,哑铃站姿环绕世界,dumbbell standing around world,肩部,哑铃,ok,
2144,绳索坐姿胸推,cable seated chest press,胸部,绳索,ok,
2186,曲杆下斜肱三头肌伸展,ez barbell decline triceps extension,上臂,曲杆,ok,
2187,杠铃反向窄距卧推,barbell reverse close-grip bench press,上臂,杠铃,ok,
2188,哑铃坐姿肱三头肌伸展,dumbbell seated triceps extension,上臂,哑铃,ok,
2189,双哑铃坐姿肱三头肌伸展,dumbbells seated triceps extension,上臂,哑铃,ok,
2202,滚轮髋部拉伸,roller hip stretch,大腿,滚轮,ok,
2203,滚轮坐姿肩屈肌下压肌后缩肌,roller seated shoulder flexor depresor retractor,胸部,滚轮,ok,
2204,滚轮身体锯式,roller body saw,腰腹,滚轮,ok,
2205,滚轮髋背阔肌拉伸,roller hip lat stretch,大腿,滚轮,ok,
2206,滚轮反向卷腹,roller reverse crunch,腰腹,滚轮,ok,
2207,滚轮侧背阔肌拉伸,roller side lat stretch,背部,滚轮,ok,
2208,滚轮背部拉伸,roller back stretch,背部,滚轮,ok,
2209,滚轮坐姿单腿肩屈肌下压肌后缩肌,roller seated single leg shoulder flexor depresor retractor,胸部,滚轮,ok,
2271,左钩式拳击,left hook. boxing,肩部,徒手,ok,
2285,器械仰卧上拉,lever pullover,背部,器械,ok,
2286,器械髋伸展（第2式）,lever hip extension v. 2,大腿,器械,ok,
2287,器械交替腿举,lever alternate leg press,大腿,器械,ok,
2288,器械握手,lever gripper hands,前臂,器械,ok,
2289,器械小腿推举,lever calf press,小腿,器械,ok,
2292,哑铃后束上举,dumbbell rear delt raise,肩部,哑铃,ok,
2293,哑铃站姿佐特曼牧师凳弯举,dumbbell standing zottman preacher curl,上臂,哑铃,ok,
2294,哑铃佐特曼牧师凳弯举,dumbbell zottman preacher curl,上臂,哑铃,ok,
2297,健身球卷腹（全程幅度手背后头）,stability ball crunch (full range hands behind head),腰腹,健身球,ok,
2298,倒立划船（凳）,inverted row on bench,背部,徒手,ok,
2300,倒立划船屈膝,inverted row bent knees,背部,徒手,ok,
2311,台阶机行走,walking on stepmill,有氧,台阶机,ok,
2312,仰卧肘膝,lying elbow to knee,腰腹,徒手,ok,
2315,器械旋转小腿,lever rotary calf,小腿,器械,ok,
2317,哑铃坐姿屈臂侧平举,dumbbell seated bent arm lateral raise,肩部,哑铃,ok,
2318,器械肩推（第3式）,lever shoulder press v. 3,肩部,器械,ok,
2327,哑铃反握划船,dumbbell reverse grip row (female),背部,哑铃,ok,
2328,健身球窄俯卧撑,narrow push-up on exercise ball,上臂,健身球,ok,
2329,脊柱转体,spine twist,腰腹,徒手,ok,
2330,绳索背阔肌下拉全程幅度动作,cable lat pulldown full range of motion,背部,绳索,ok,
2331,器械交叉训练器,cycle cross trainer,有氧,器械,ok,
2333,臂吊带悬垂直腿,arm slingers hanging straight legs,腰腹,徒手,ok,
2334,雪橇机仰卧小腿推举,sled lying calf press,小腿,雪橇机,ok,
2335,器械坐姿小腿推举,lever seated calf press,小腿,器械,ok,
2355,臂吊带悬垂屈膝腿,arm slingers hanging bent knee legs,腰腹,徒手,ok,
2363,宽距胸臂屈伸（高平行杠）,wide-grip chest dip on high parallel bars,胸部,徒手,ok,
2364,器械宽距胸臂屈伸（跪姿）,assisted wide-grip chest dip (kneeling),胸部,器械,ok,
2368,分腿蹲,split squats,大腿,徒手,ok,
2371,负重俄罗斯转体（第2式）,weighted russian twist v. 2,腰腹,负重,ok,
2397,哑铃斯科特推举,dumbbell scott press,肩部,哑铃,ok,
2398,窄距俯卧撑（跪姿）,close-grip push-up (on knees),上臂,徒手,ok,
2399,绳索坐姿转体,cable seated twist,腰腹,绳索,ok,
2400,反向腿弯举（引体向上绳索器械）,inverse leg curl (on pull-up cable machine),大腿,徒手,ok,
2401,哑铃肱二头肌弯举（臂托）,dumbbell biceps curl (with arm blaster),上臂,哑铃,ok,
2402,哑铃锤式弯举（臂托）,dumbbell hammer curls (with arm blaster),上臂,哑铃,ok,
2403,哑铃交替肱二头肌弯举（臂托）,dumbbell alternate biceps curl (with arm blaster),上臂,哑铃,ok,
2404,曲杆杠肱二头肌弯举（臂托）,ez-bar biceps curl (with arm blaster),上臂,曲杆,ok,
2405,绳索肱三头肌下压（V字杠·臂托）,cable triceps pushdown (v-bar) (with arm blaster),上臂,绳索,ok,
2407,杠铃肱二头肌弯举（臂托）,barbell biceps curl (with arm blaster),上臂,杠铃,ok,
2414,杠铃站姿集中弯举,barbell standing concentration curl,上臂,杠铃,ok,
2429,蛙式卷腹,frog crunch,腰腹,徒手,ok,
2432,曲杆杠窄距卧推,ez-bar close-grip bench press,上臂,曲杆,ok,
2459,轮胎翻转,tire flip,大腿,轮胎,ok,
2462,胸臂屈伸（直杠）,chest dip on straight bar,胸部,徒手,ok,
2464,绳索蒂博多皮划艇划船,cable thibaudeau kayak row,背部,绳索,ok,
2466,臀桥登山跑（交叉身体）,bridge - mountain climber (cross body),腰腹,徒手,ok,
2470,哑铃仰卧（地面后束上举）,dumbbell lying on floor rear delt raise,肩部,哑铃,ok,
2567,坐姿梨状肌拉伸,seated piriformis stretch,大腿,徒手,ok,
2571,摇摆蛙式拉伸,rocking frog stretch,大腿,徒手,ok,
2611,器械水平单腿推举,lever horizontal one leg press,大腿,器械,ok,
2612,战绳跳跃绳,jump rope,有氧,战绳,ok,
2616,绳索侧向下拉（V字杠）,cable lateral pulldown with v-bar,背部,绳索,ok,
2705,哑铃仰卧旋前（地面）,dumbbell lying pronation on floor,前臂,哑铃,ok,
2706,哑铃仰卧旋后（地面）,dumbbell lying supination on floor,前臂,哑铃,ok,
2736,器械反握侧向下拉,lever reverse grip lateral pulldown,背部,器械,ok,
2741,曲杆站姿宽距肱二头肌弯举,ez-barbell standing wide grip biceps curl,上臂,曲杆,ok,
2796,哑铃登台阶弓步,dumbbell step-up lunge,大腿,哑铃,ok,
2798,杠铃深蹲跳跃台阶后弓步,barbell squat jump step rear lunge,大腿,杠铃,ok,
2799,杠铃坐姿交替抬腿,barbell sitted alternate leg raise,腰腹,杠铃,ok,
2800,杠铃坐姿交替抬腿（女）,barbell sitted alternate leg raise (female),腰腹,杠铃,ok,
2802,转体抬腿（女）,twisted leg raise,腰腹,徒手,ok,
2803,哑铃支撑深蹲,dumbbell supported squat,大腿,哑铃,ok,
2805,哑铃单腿硬拉（踏板支撑）,dumbbell single leg deadlift with stepbox support,大腿,哑铃,ok,
2808,哑铃相扑穿越拉,dumbbell sumo pull through,大腿,哑铃,ok,
2810,杠铃分腿蹲（第2式）,barbell split squat v. 2,大腿,杠铃,ok,
2812,哑铃登台阶分腿蹲,dumbbell step-up split squat,大腿,哑铃,ok,
2963,队长椅直腿上举,captains chair straight leg raise,腰腹,徒手,ok,
2987,负重窄距反握引体向上（臂屈伸框）,weighted close grip chin-up on dip cage,背部,负重,ok,
3006,阻力带坐姿髋外展,resistance band seated hip abduction,大腿,阻力带,ok,
3007,阻力带腿屈伸,resistance band leg extension,大腿,阻力带,ok,
3010,曲杆杠仰卧屈臂仰卧上拉,ez bar lying bent arms pullover,背部,曲杆,ok,
3011,上斜肩胛俯卧撑,incline scapula push up,胸部,徒手,ok,
3012,肩胛臂屈伸,scapula dips,背部,徒手,ok,
3013,低臀桥（地面）,low glute bridge on floor,大腿,徒手,ok,
3016,弯举上,curl-up,腰腹,徒手,ok,
3017,杠铃彭德雷划船,barbell pendlay row,背部,杠铃,ok,
3019,凳引体向上,bench pull-ups,背部,徒手,ok,
3021,肩胛俯卧撑,scapula push-up,胸部,徒手,ok,
3116,弹力带固定背反握下拉,band fixed back underhand pulldown,背部,弹力带,ok,
3117,弹力带固定背窄距下拉,band fixed back close grip pulldown,背部,弹力带,ok,
3119,蹲式,potty squat,腰腹,徒手,ok,
3122,阻力带坐姿肩推,resistance band seated shoulder press,肩部,阻力带,ok,
3123,阻力带坐姿肱二头肌弯举,resistance band seated biceps curl,上臂,阻力带,ok,
3124,阻力带坐姿胸推,resistance band seated chest press,胸部,阻力带,ok,
3132,蹲式（支撑）,potty squat with support,大腿,徒手,ok,
3142,史密斯机相扑深蹲,smith sumo squat,大腿,史密斯机,ok,
3144,阻力带坐姿直背划船,resistance band seated straight back row,背部,阻力带,ok,
3145,俯卧撑加强,push-up plus,胸部,徒手,ok,
3147,骨盆倾斜,pelvic tilt,腰腹,徒手,ok,
3156,站姿窄距单臂划船,bodyweight standing close-grip one arm row,背部,徒手,ok,
3158,站姿窄距划船,bodyweight standing close-grip row,背部,徒手,ok,
3161,站姿单臂划船（毛巾）,bodyweight standing one arm row (with towel),背部,徒手,ok,
3162,站姿单臂划船,bodyweight standing one arm row,背部,徒手,ok,
3165,站姿划船（毛巾）,bodyweight standing row (with towel),背部,徒手,ok,
3166,站姿划船,bodyweight standing row,背部,徒手,ok,
3167,蹲姿划船（毛巾）,bodyweight squatting row (with towel),背部,徒手,ok,
3168,蹲姿划船,bodyweight squatting row,背部,徒手,ok,
3193,臀腘绳肌上举,glute-ham raise,大腿,徒手,ok,
3194,杠铃弗兰肯斯坦深蹲,frankenstein squat,大腿,杠铃,ok,
3195,器械仰卧双单腿弯举,lever lying two-one leg curl,大腿,器械,ok,
3200,器械俯身划船（V字杠）,lever bent-over row with v-bar,背部,器械,ok,
3201,四分之一仰卧起坐,quarter sit-up,腰腹,徒手,ok,
3202,半程仰卧起坐,half sit-up (male),腰腹,徒手,ok,
3203,囚徒半程仰卧起坐,prisoner half sit-up (male),腰腹,徒手,ok,
3204,臂过头全程仰卧起坐,arms overhead full sit-up (male),腰腹,徒手,ok,
3211,跪姿俯卧撑,kneeling push-up (male),胸部,徒手,ok,
3212,基础体前屈,basic toe touch (male),大腿,徒手,ok,
3213,侧侧体前屈,side-to-side toe touch (male),腰腹,徒手,ok,
3214,臂分开环绕体前屈,arms apart circular toe touch (male),大腿,徒手,ok,
3215,手反向交叉握环绕体前屈,hands reversed clasped circular toe touch (male),大腿,徒手,ok,
3216,胸拍击俯卧撑,chest tap push-up (male),胸部,徒手,ok,
3217,改良印度俯卧撑,modified hindu push-up (male),胸部,徒手,ok,
3218,手交叉握环绕体前屈,hands clasped circular toe touch (male),大腿,徒手,ok,
3219,剪式跳,scissor jumps (male),有氧,徒手,ok,
3220,分腿跳,astride jumps (male),有氧,徒手,ok,
3222,半深蹲跳跃,semi squat jump (male),有氧,徒手,ok,
3223,星式跳,star jump (male),有氧,徒手,ok,
3224,开合跳,jack jump (male),有氧,徒手,ok,
3234,哑铃海特飞鸟,hyght dumbbell fly,胸部,哑铃,ok,
3235,绳索反向腿弯举,cable assisted inverse leg curl,大腿,绳索,ok,
3236,阻力带臀推（跪姿）,resistance band hip thrusts on knees (female),大腿,阻力带,ok,
3237,杠铃地雷管侧平举,landmine lateral raise,肩部,杠铃,ok,
3239,跪姿平板支撑拍击肩,kneeling plank tap shoulder (male),腰腹,徒手,ok,
3240,哑铃（墙提踵·网球球之间跪姿）,exercise ball on the wall calf raise (tennis ball between knees),小腿,哑铃,ok,
3241,哑铃（墙提踵·网球球之间踝）,exercise ball on the wall calf raise (tennis ball between ankles),小腿,哑铃,ok,
3281,史密斯机全程深蹲,smith full squat,大腿,史密斯机,ok,
3286,负重肌肉上,weighted muscle up,背部,负重,ok,
3287,肘臂屈伸,elbow dips,上臂,徒手,ok,
3288,韩国臂屈伸,korean dips,胸部,徒手,ok,
3289,极限臂屈伸,impossible dips,上臂,徒手,ok,
3290,负重单手引体向上,weighted one hand pull up,背部,负重,ok,
3291,施塔尔德推举,stalder press,上臂,徒手,ok,
3292,升降式,elevator,背部,徒手,ok,
3293,射手引体向上,archer pull up,背部,徒手,ok,
3294,射手俯卧撑,archer push up,胸部,徒手,ok,
3295,前水平保持,front lever reps,背部,徒手,ok,
3296,前水平,front lever,腰腹,徒手,ok,
3297,后水平,back lever,背部,徒手,ok,
3298,分腿俄式挺身,straddle planche,腰腹,徒手,ok,
3299,全程俄式挺身,full planche,腰腹,徒手,ok,
3300,倾斜俄式挺身,lean planche,腰腹,徒手,ok,
3301,蛙式俄式挺身,frog planche,腰腹,徒手,ok,
3302,倒立,handstand,上臂,徒手,ok,
3303,旗帜式,flag,腰腹,徒手,ok,
3304,皮肤猫式,skin the cat,背部,徒手,ok,
3305,杠铃推举深蹲,barbell thruster,肩部,杠铃,ok,
3312,负重肌肉上（杠）,weighted muscle up (on bar),背部,负重,ok,
3313,负重直杠臂屈伸,weighted straight bar dip,胸部,负重,ok,
3314,分腿马耳他十字,straddle maltese,腰腹,徒手,ok,
3315,全程马耳他十字,full maltese,腰腹,徒手,ok,
3318,摆荡360,swing 360,有氧,徒手,ok,
3327,全程俄式挺身俯卧撑,full planche push-up,胸部,徒手,ok,
3360,熊爬,bear crawl,有氧,徒手,ok,
3361,滑冰式跳,skater hops,有氧,徒手,ok,
3418,L字引体向上,l-pull-up,背部,徒手,ok,
3419,L字支撑（地面）,l-sit on floor,腰腹,徒手,ok,
3420,V字坐（地面）,v-sit on floor,腰腹,徒手,ok,
3433,游泳式踢腿（第2式）,swimmer kicks v. 2 (male),大腿,徒手,ok,
3470,向前弓步,forward lunge (male),大腿,徒手,ok,
3523,臀桥双腿（凳）,glute bridge two legs on bench (male),大腿,徒手,ok,
3533,股四头肌,quads,大腿,徒手,ok,
3541,哑铃上斜Y字上举,dumbbell incline y-raise,背部,哑铃,ok,
3542,哑铃上斜T字上举,dumbbell incline t-raise,肩部,哑铃,ok,
3544,上斜侧平板支撑,bodyweight incline side plank,腰腹,徒手,ok,
3545,哑铃上斜交替推举,dumbbell incline alternate press,胸部,哑铃,ok,
3546,哑铃坐姿交替肩,dumbbell seated alternate shoulder,肩部,哑铃,ok,
3547,哑铃坐姿肱二头肌弯举肩推,dumbbell seated biceps curl to shoulder press,上臂,哑铃,ok,
3548,哑铃单臂过头提行,dumbbell single arm overhead carry,肩部,哑铃,ok,
3552,快速足（第2式）,quick feet v. 2,大腿,徒手,ok,
3560,哑铃站姿交替锤式弯举推举,dumbbell standing alternate hammer curl and press,上臂,哑铃,ok,
3561,臀桥踏步,glute bridge march,大腿,徒手,ok,
3562,杠铃臀桥双腿（凳）,barbell glute bridge two legs on bench (male),大腿,杠铃,ok,
3563,绳索单臂下拉,cable one arm pulldown,背部,绳索,ok,
3582,弓步（跳跃）,lunge with jump,大腿,徒手,ok,
3635,哑铃对侧向前弓步,dumbbell contralateral forward lunge,大腿,哑铃,ok,
3637,健腹轮推行,wheel run,有氧,徒手,ok,
3638,推跑步,push to run,有氧,徒手,ok,
3639,屈膝仰卧转体,bent knee lying twist (male),大腿,徒手,ok,
3640,膝触卷腹,knee touch crunch,腰腹,徒手,ok,
3641,负重跪姿台阶（摆荡）,weighted kneeling step with swing,肩部,负重,ok,
3642,负重拉伸弓步,weighted stretch lunge,大腿,负重,ok,
3643,负重哥萨克深蹲,weighted cossack squats (male),大腿,负重,ok,
3644,负重弓步（摆荡）,weighted lunge with swing,大腿,负重,ok,
3645,单腿臀桥（伸展腿）,single leg bridge with outstretched leg,大腿,徒手,ok,
3655,行走高膝弓步,walking high knees lunge,有氧,徒手,ok,
3656,短跨步跑步,short stride run,有氧,徒手,ok,
3662,屈体眼镜蛇式俯卧撑,pike-to-cobra push-up,大腿,徒手,ok,
3663,反向平板支撑（腿提举）,reverse plank with leg lift,腰腹,徒手,ok,
3664,哑铃侧平板支撑（后飞鸟）,dumbbell side plank with rear fly,背部,哑铃,ok,
3665,爆发点平板支撑,power point plank,腰腹,徒手,ok,
3666,器械行走（上斜跑步机）,walking on incline treadmill,有氧,器械,ok,
3667,侧卧髋内收,side lying hip adduction (male),大腿,徒手,ok,
3669,站姿射手,standing archer,背部,徒手,ok,
3670,负重下斜仰卧起坐,weighted decline sit-up,腰腹,负重,ok,
3671,滑雪踏步,ski step,有氧,徒手,ok,
3672,背前后台阶,back and forth step,有氧,徒手,ok,
3679,仰卧起坐（臂·胸）,sit-up with arms on chest,腰腹,徒手,ok,
3697,绳索跪姿后束划船（绳）,cable kneeling rear delt row (with rope) (male),肩部,绳索,ok,
3698,尺蠖式（第2式）,inchworm v. 2,腰腹,徒手,ok,
3699,肩拍击,shoulder tap,腰腹,徒手,ok,
3758,器械站姿胸推,lever standing chest press,胸部,器械,ok,
3759,器械坐姿早安式,lever seated good morning,大腿,器械,ok,
3760,器械坐姿卷腹（第2式）,lever seated crunch v. 2,腰腹,器械,ok,
3769,屈膝礼深蹲,curtsey squat,大腿,徒手,ok,
3785,上斜俯卧撑（箱）,incline push-up (on box),胸部,徒手,ok,
3888,哑铃单臂抓举,dumbbell one arm snatch,大腿,哑铃,ok,
5201,哑铃侍者式肱二头肌弯举,dumbbell waiter biceps curl,上臂,哑铃,ok,
